hotspot_name,2019-04-28 15:38:41,2019-04-28 16:38:41,2019-04-28 17:38:41,2019-04-28 18:38:41,2019-04-28 19:38:41,2019-04-28 20:38:41,2019-04-28 21:38:41,2019-04-28 22:38:41,2019-04-28 23:38:41,2019-04-29 00:38:41,2019-04-29 01:38:41,2019-04-29 02:38:41,2019-04-29 03:38:41,2019-04-29 04:38:41,2019-04-29 05:38:41,2019-04-29 06:38:41,2019-04-29 07:38:41,2019-04-29 08:38:41,2019-04-29 09:38:41,2019-04-29 10:38:41,2019-04-29 11:38:41,2019-04-29 12:38:41,2019-04-29 13:38:41,2019-04-29 14:38:41,2019-04-29 15:38:41,2019-04-29 16:38:41,2019-04-29 17:38:41,2019-04-29 18:38:41,2019-04-29 19:38:41,2019-04-29 20:38:41,2019-04-29 21:38:41,2019-04-29 22:38:41,2019-04-29 23:38:41,2019-04-30 00:38:41,2019-04-30 01:38:41,2019-04-30 02:38:41,2019-04-30 03:38:41,2019-04-30 04:38:41,2019-04-30 05:38:41,2019-04-30 06:38:41,2019-04-30 07:38:41,2019-04-30 08:38:41,2019-04-30 09:38:41,2019-04-30 10:38:41,2019-04-30 11:38:41,2019-04-30 12:38:41,2019-04-30 13:38:41,2019-04-30 14:38:41,2019-04-30 15:38:41,2019-04-30 16:38:41,2019-04-30 17:38:41,2019-04-30 18:38:41,2019-04-30 19:38:41,2019-04-30 20:38:41,2019-04-30 21:38:41,2019-04-30 22:38:41,2019-04-30 23:38:41,2019-05-01 00:38:41,2019-05-01 01:38:41,2019-05-01 02:38:41,2019-05-01 03:38:41,2019-05-01 04:38:41,2019-05-01 05:38:41,2019-05-01 06:38:41,2019-05-01 07:38:41,2019-05-01 08:38:41,2019-05-01 09:38:41,2019-05-01 10:38:41,2019-05-01 11:38:41,2019-05-01 12:38:41,2019-05-01 13:38:41,2019-05-01 14:38:41,2019-05-01 15:38:41
Port Said (Suez Canal),CLEAR,CLEAR,CLEAR,CLEAR,CLEAR,CLEAR,CLEAR,CLEAR,CLEAR,CLEAR,CLEAR,CLEAR,CLEAR,CLEAR,CLEAR,CLEAR,CLEAR,CLEAR,CLEAR,CLEAR,CLEAR,CLEAR,CLEAR,CLEAR,CLEAR,CLEAR,CLEAR,CLEAR,CLEAR,CLEAR,CLEAR,CLEAR,CLEAR,CLEAR,CLEAR,CLEAR,CLEAR,CLEAR,CLEAR,CLEAR,CLEAR,CLEAR,CLEAR,CLEAR,CLEAR,CLEAR,CLEAR,CLEAR,CLEAR,CLEAR,CLEAR,CLEAR,CLEAR,CLEAR,CLEAR,CLEAR,CLEAR,CLEAR,CLEAR,CLEAR,CLEAR,CLEAR,CLEAR,CLEAR,CLEAR,CLEAR,CLEAR,CLEAR,CLEAR,CLEAR,CLEAR,CLEAR,CLEAR
Alexandria Port,CLEAR,CLEAR,CLEAR,CLEAR,CLEAR,CLEAR,CLEAR,CLEAR,CLEAR,CLEAR,CLEAR,CLEAR,CLEAR,CLEAR,CLEAR,CLEAR,CLEAR,CLEAR,CLEAR,CLEAR,CLEAR,CLEAR,CLEAR,CLEAR,CLEAR,CLEAR,CLEAR,CLEAR,CLEAR,CLEAR,CLEAR,CLEAR,CLEAR,CLEAR,CLEAR,CLEAR,CLEAR,CLEAR,CLEAR,CLEAR,CLEAR,CLEAR,CLEAR,CLEAR,CLEAR,CLEAR,CLEAR,CLEAR,CLEAR,CLEAR,CLEAR,CLEAR,CLEAR,CLEAR,CLEAR,CLEAR,CLEAR,CLEAR,CLEAR,CLEAR,CLEAR,CLEAR,CLEAR,CLEAR,CLEAR,CLEAR,CLEAR,CLEAR,CLEAR,CLEAR,CLEAR,CLEAR,CLEAR
Vasiliko Oil Terminal,CLEAR,CLEAR,CLEAR,CLEAR,CLEAR,CLEAR,CLEAR,CLEAR,CLEAR,CLEAR,CLEAR,CLEAR,CLEAR,CLEAR,CLEAR,CLEAR,CLEAR,CLEAR,CLEAR,CLEAR,CLEAR,CLEAR,CLEAR,CLEAR,CLEAR,CLEAR,CLEAR,CLEAR,CLEAR,CLEAR,CLEAR,CLEAR,CLEAR,CLEAR,CLEAR,CLEAR,CLEAR,CLEAR,CLEAR,CLEAR,CLEAR,CLEAR,CLEAR,CLEAR,CLEAR,CLEAR,CLEAR,CLEAR,CLEAR,CLEAR,CLEAR,CLEAR,CLEAR,CLEAR,CLEAR,CLEAR,CLEAR,CLEAR,CLEAR,CLEAR,CLEAR,CLEAR,CLEAR,CLEAR,CLEAR,CLEAR,CLEAR,CLEAR,CLEAR,CLEAR,CLEAR,CLEAR,CLEAR
Beirut Port,WATCH,WATCH,WATCH,WATCH,WATCH,WATCH,WATCH,WATCH,CLEAR,WATCH,WATCH,WATCH,WATCH,WATCH,WATCH,WATCH,WATCH,WATCH,CLEAR,CLEAR,CLEAR,CLEAR,CLEAR,CLEAR,CLEAR,CLEAR,CLEAR,CLEAR,CLEAR,CLEAR,CLEAR,CLEAR,CLEAR,CLEAR,CLEAR,CLEAR,CLEAR,CLEAR,CLEAR,CLEAR,CLEAR,CLEAR,CLEAR,CLEAR,CLEAR,CLEAR,CLEAR,CLEAR,CLEAR,CLEAR,CLEAR,CLEAR,CLEAR,CLEAR,CLEAR,CLEAR,CLEAR,CLEAR,CLEAR,CLEAR,CLEAR,CLEAR,CLEAR,CLEAR,CLEAR,CLEAR,CLEAR,CLEAR,CLEAR,CLEAR,CLEAR,CLEAR,CLEAR
Ceyhan Oil Terminal,CLEAR,CLEAR,CLEAR,CLEAR,CLEAR,CLEAR,CLEAR,CLEAR,CLEAR,CLEAR,CLEAR,CLEAR,CLEAR,CLEAR,CLEAR,CLEAR,CLEAR,CLEAR,CLEAR,CLEAR,CLEAR,CLEAR,CLEAR,CLEAR,CLEAR,CLEAR,CLEAR,CLEAR,CLEAR,CLEAR,CLEAR,CLEAR,CLEAR,CLEAR,CLEAR,CLEAR,CLEAR,CLEAR,CLEAR,CLEAR,CLEAR,CLEAR,CLEAR,CLEAR,CLEAR,CLEAR,CLEAR,CLEAR,CLEAR,CLEAR,CLEAR,CLEAR,CLEAR,CLEAR,CLEAR,CLEAR,CLEAR,CLEAR,CLEAR,CLEAR,CLEAR,CLEAR,CLEAR,CLEAR,CLEAR,CLEAR,CLEAR,CLEAR,CLEAR,CLEAR,CLEAR,CLEAR,CLEAR
Haifa Port,CLEAR,CLEAR,CLEAR,CLEAR,CLEAR,CLEAR,CLEAR,CLEAR,CLEAR,CLEAR,CLEAR,CLEAR,CLEAR,CLEAR,CLEAR,CLEAR,CLEAR,CLEAR,CLEAR,CLEAR,CLEAR,CLEAR,CLEAR,CLEAR,CLEAR,CLEAR,CLEAR,CLEAR,CLEAR,CLEAR,CLEAR,CLEAR,CLEAR,CLEAR,CLEAR,CLEAR,CLEAR,CLEAR,CLEAR,CLEAR,CLEAR,CLEAR,CLEAR,CLEAR,CLEAR,CLEAR,CLEAR,CLEAR,CLEAR,CLEAR,CLEAR,CLEAR,CLEAR,CLEAR,CLEAR,CLEAR,CLEAR,CLEAR,CLEAR,CLEAR,CLEAR,CLEAR,CLEAR,CLEAR,CLEAR,CLEAR,CLEAR,CLEAR,CLEAR,CLEAR,CLEAR,CLEAR,CLEAR
Akamas Peninsula (Turtle Nesting),CLEAR,CLEAR,CLEAR,CLEAR,CLEAR,CLEAR,CLEAR,CLEAR,CLEAR,CLEAR,CLEAR,CLEAR,CLEAR,CLEAR,CLEAR,CLEAR,CLEAR,CLEAR,CLEAR,CLEAR,CLEAR,CLEAR,CLEAR,CLEAR,CLEAR,CLEAR,CLEAR,CLEAR,CLEAR,CLEAR,CLEAR,CLEAR,CLEAR,CLEAR,CLEAR,CLEAR,CLEAR,CLEAR,CLEAR,CLEAR,CLEAR,CLEAR,CLEAR,CLEAR,CLEAR,CLEAR,CLEAR,CLEAR,CLEAR,CLEAR,CLEAR,CLEAR,CLEAR,CLEAR,CLEAR,CLEAR,CLEAR,CLEAR,CLEAR,CLEAR,CLEAR,CLEAR,CLEAR,CLEAR,CLEAR,CLEAR,CLEAR,CLEAR,CLEAR,CLEAR,CLEAR,CLEAR,CLEAR
Palm Islands Nature Reserve,WATCH,WATCH,WATCH,WATCH,WATCH,WATCH,WATCH,WATCH,WATCH,WATCH,WATCH,WATCH,WATCH,WATCH,WATCH,WATCH,WATCH,WATCH,WATCH,WATCH,WATCH,WATCH,WATCH,WATCH,WATCH,WATCH,WATCH,WATCH,WATCH,WATCH,WATCH,CLEAR,CLEAR,CLEAR,CLEAR,CLEAR,CLEAR,CLEAR,CLEAR,CLEAR,CLEAR,CLEAR,CLEAR,CLEAR,CLEAR,CLEAR,CLEAR,CLEAR,CLEAR,CLEAR,CLEAR,CLEAR,CLEAR,CLEAR,CLEAR,CLEAR,CLEAR,CLEAR,CLEAR,CLEAR,CLEAR,CLEAR,CLEAR,CLEAR,CLEAR,CLEAR,CLEAR,CLEAR,CLEAR,CLEAR,CLEAR,CLEAR,CLEAR
Rosh HaNikra Marine Reserve,CLEAR,CLEAR,CLEAR,CLEAR,CLEAR,CLEAR,CLEAR,CLEAR,CLEAR,CLEAR,CLEAR,CLEAR,CLEAR,CLEAR,CLEAR,CLEAR,CLEAR,CLEAR,CLEAR,CLEAR,CLEAR,CLEAR,CLEAR,CLEAR,CLEAR,CLEAR,CLEAR,CLEAR,CLEAR,CLEAR,CLEAR,CLEAR,CLEAR,CLEAR,CLEAR,CLEAR,CLEAR,CLEAR,CLEAR,CLEAR,CLEAR,CLEAR,CLEAR,CLEAR,CLEAR,CLEAR,CLEAR,CLEAR,CLEAR,CLEAR,CLEAR,CLEAR,CLEAR,CLEAR,CLEAR,CLEAR,CLEAR,CLEAR,CLEAR,CLEAR,CLEAR,CLEAR,CLEAR,CLEAR,CLEAR,CLEAR,CLEAR,CLEAR,CLEAR,CLEAR,CLEAR,CLEAR,CLEAR
Nile Delta Coastal Lagoons,CLEAR,CLEAR,CLEAR,CLEAR,CLEAR,CLEAR,CLEAR,CLEAR,CLEAR,CLEAR,CLEAR,CLEAR,CLEAR,CLEAR,CLEAR,CLEAR,CLEAR,CLEAR,CLEAR,CLEAR,CLEAR,CLEAR,CLEAR,CLEAR,CLEAR,CLEAR,CLEAR,CLEAR,CLEAR,CLEAR,CLEAR,CLEAR,CLEAR,CLEAR,CLEAR,CLEAR,CLEAR,CLEAR,CLEAR,CLEAR,CLEAR,CLEAR,CLEAR,CLEAR,CLEAR,CLEAR,CLEAR,CLEAR,CLEAR,CLEAR,CLEAR,CLEAR,CLEAR,CLEAR,CLEAR,CLEAR,CLEAR,CLEAR,CLEAR,CLEAR,CLEAR,CLEAR,CLEAR,CLEAR,CLEAR,CLEAR,CLEAR,CLEAR,CLEAR,CLEAR,CLEAR,CLEAR,CLEAR
Cape Greco MPA,WATCH,WATCH,WATCH,WATCH,WATCH,WATCH,WATCH,WATCH,WATCH,WATCH,WATCH,WATCH,WATCH,WATCH,WATCH,WATCH,WATCH,WATCH,WATCH,WATCH,WATCH,WATCH,WATCH,WATCH,WATCH,WATCH,WATCH,WATCH,WATCH,WATCH,WATCH,WATCH,WATCH,WATCH,WATCH,WATCH,WATCH,WATCH,WATCH,WATCH,WATCH,WATCH,WATCH,WATCH,WATCH,WATCH,WATCH,WATCH,WATCH,CRITICAL,CRITICAL,CRITICAL,CRITICAL,CRITICAL,CRITICAL,CRITICAL,CRITICAL,CRITICAL,CRITICAL,CRITICAL,CRITICAL,CRITICAL,CRITICAL,CRITICAL,CRITICAL,CRITICAL,CRITICAL,CRITICAL,CRITICAL,CRITICAL,CRITICAL,CRITICAL,CRITICAL
