backtrack_hours,candidate_timestamp,candidate_id,latitude,longitude,support_score,normalized_support,source_score,ais_evidence,ais_available,cluster_id,cluster_uncertainty_radius_km,cluster_temporal_uncertainty_hours,cluster_candidate_stability_percent,rank_at_timestamp
15,2019-06-14T05:35:58.000000000,2019-06-14T05:35:58_cand000,34.14854649036201,35.26446205776319,3424.191108676783,1.297318870944566,1.0343196387197693,0.7791756573258393,True,cluster0000,30.07327070382936,19.60109328826938,100.0,1
14,2019-06-14T06:35:58.000000000,2019-06-14T06:35:58_cand000,34.14254649036201,35.26746205776319,3547.0251776453715,1.3265889509193398,1.0423987743321788,0.7732412799515289,True,cluster0000,30.07327070382936,19.60109328826938,100.0,1
16,2019-06-14T04:35:58.000000000,2019-06-14T04:35:58_cand000,34.15154649036201,35.26146205776319,3323.2181856857424,1.3231111558211586,1.0411813059712698,0.7631017598243338,True,cluster0000,30.07327070382936,19.60109328826938,100.0,1
13,2019-06-14T07:35:58.000000000,2019-06-14T07:35:58_cand000,34.13654649036201,35.27046205776319,3687.6753609171055,1.2825514987659403,1.0203760135592697,0.7462841015182371,True,cluster0000,30.07327070382936,19.60109328826938,100.0,1
17,2019-06-14T03:35:58.000000000,2019-06-14T03:35:58_cand000,34.15754649036201,35.25846205776319,3221.438103369087,1.3054591497130106,1.0311803909011077,0.736659739083463,True,cluster0000,30.07327070382936,19.60109328826938,100.0,1
18,2019-06-14T02:35:58.000000000,2019-06-14T02:35:58_cand000,34.15754649036201,35.25546205776319,3081.9432693178533,1.28098037565403,1.0192251806275368,0.7275370920190587,True,cluster0000,30.07327070382936,19.60109328826938,100.0,1
12,2019-06-14T08:35:58.000000000,2019-06-14T08:35:58_cand000,34.13354649036201,35.27346205776319,3749.5137589813344,1.2917029336126749,1.0109014578362725,0.6927045285817041,True,cluster0000,30.07327070382936,19.60109328826938,100.0,1
21,2019-06-13T23:35:58.000000000,2019-06-13T23:35:58_cand000,34.15754649036201,35.25546205776319,2827.227987112793,1.3356940779921556,1.042494576781023,0.6890755535575201,True,cluster0000,30.07327070382936,19.60109328826938,100.0,1
19,2019-06-14T01:35:58.000000000,2019-06-14T01:35:58_cand000,34.15754649036201,35.25546205776319,2985.399494107446,1.2977894492665083,1.019591299940716,0.6890755535575201,True,cluster0000,30.07327070382936,19.60109328826938,100.0,1
20,2019-06-14T00:35:58.000000000,2019-06-14T00:35:58_cand000,34.15754649036201,35.25246205776319,2891.3736237905705,1.3140060805166405,1.027285190137599,0.6795215847272604,True,cluster0000,30.07327070382936,19.60109328826938,100.0,1
57,2019-06-12T11:35:58.000000000,2019-06-12T11:35:58_cand003,34.334546490362015,35.01846205776318,5.90612733441488,0.0066483060014366,0.3719140439052879,0.6610828070212021,True,cluster0000,30.07327070382936,19.60109328826938,100.0,3
56,2019-06-12T12:35:58.000000000,2019-06-12T12:35:58_cand003,34.328546490362015,35.02746205776318,5.931703883834716,0.0067631598205671,0.367058567759474,0.645830538135616,True,cluster0000,30.07327070382936,19.60109328826938,100.0,3
58,2019-06-12T10:35:58.000000000,2019-06-12T10:35:58_cand004,34.337546490362016,35.00946205776318,5.90425503205072,0.0066975974159853,0.3665999896279287,0.6331562682491527,True,cluster0000,30.07327070382936,19.60109328826938,100.0,3
11,2019-06-14T09:35:58.000000000,2019-06-14T09:35:58_cand000,34.12754649036201,35.27346205776319,3870.765099365726,1.2668901736014448,0.9893270766935656,0.6271125257553598,True,cluster0000,30.07327070382936,19.60109328826938,100.0,1
44,2019-06-13T00:35:58.000000000,2019-06-13T00:35:58_cand001,34.24154649036201,35.18046205776319,461.00043634972747,0.4353902550012368,0.5740335560748627,0.6118710455274945,True,cluster0000,30.07327070382936,19.60109328826938,100.0,2
45,2019-06-12T23:35:58.000000000,2019-06-12T23:35:58_cand001,34.24454649036201,35.174462057763186,466.2805007970365,0.4526671235390578,0.5798270432143705,0.6103011613970757,True,cluster0000,30.07327070382936,19.60109328826938,100.0,2
55,2019-06-12T13:35:58.000000000,2019-06-12T13:35:58_cand002,34.325546490362015,35.03946205776318,5.980255232314161,0.0069556762972981,0.3604657857648823,0.610148134536459,True,cluster0000,30.07327070382936,19.60109328826938,100.0,3
54,2019-06-12T14:35:58.000000000,2019-06-12T14:35:58_cand003,34.325546490362015,35.04546205776318,6.044927183089778,0.0070229573698731,0.3565463311988728,0.5920496266211089,True,cluster0000,30.07327070382936,19.60109328826938,100.0,3
59,2019-06-12T09:35:58.000000000,2019-06-12T09:35:58_cand004,34.340546490362016,35.00046205776318,5.924272634470863,0.0067536314461582,0.3582066221848344,0.5913826783776511,True,cluster0000,30.07327070382936,19.60109328826938,100.0,3
22,2019-06-13T22:35:58.000000000,2019-06-13T22:35:58_cand000,34.15754649036201,35.26146205776319,2693.6554343606954,1.2920496232838192,1.006783818325411,0.5911459385708793,True,cluster0000,30.07327070382936,19.60109328826938,100.0,1
46,2019-06-12T22:35:58.000000000,2019-06-12T22:35:58_cand001,34.25054649036201,35.174462057763186,432.6567980927139,0.4343692126924641,0.5703649918786053,0.5896467304294253,True,cluster0000,30.07327070382936,19.60109328826938,100.0,2
43,2019-06-13T01:35:58.000000000,2019-06-13T01:35:58_cand001,34.23854649036201,35.18046205776319,483.2952886678426,0.4335922430102717,0.5647915542608288,0.5830897783146092,True,cluster0000,30.07327070382936,19.60109328826938,100.0,2
10,2019-06-14T10:35:58.000000000,2019-06-14T10:35:58_cand000,34.12154649036201,35.27346205776319,4024.6348705673354,1.2856987845043983,0.9841359617360608,0.5631751160622019,True,cluster0000,30.07327070382936,19.60109328826938,100.0,1
42,2019-06-13T02:35:58.000000000,2019-06-13T02:35:58_cand001,34.23254649036201,35.18646205776319,496.668376568095,0.4384829316508343,0.5589256695971326,0.5491589498804956,True,cluster0000,30.07327070382936,19.60109328826938,100.0,2
23,2019-06-13T21:35:58.000000000,2019-06-13T21:35:58_cand000,34.16054649036201,35.26446205776319,2608.292013687149,1.303177601701054,1.0037801875449346,0.5466001906949115,True,cluster0000,30.07327070382936,19.60109328826938,100.0,1
60,2019-06-12T08:35:58.000000000,2019-06-12T08:35:58_cand002,34.343546490362016,34.99146205776318,5.960430297188064,0.0069888437802153,0.3469972081172539,0.537340288518994,True,cluster0000,30.07327070382936,19.60109328826938,100.0,3
9,2019-06-14T11:35:58.000000000,2019-06-14T11:35:58_cand000,34.11854649036201,35.27646205776319,4124.952393973248,1.2457760080328313,0.9588755656702256,0.5114559979688831,True,cluster0000,30.07327070382936,19.60109328826938,100.0,1
24,2019-06-13T20:35:58.000000000,2019-06-13T20:35:58_cand000,34.16354649036201,35.27046205776319,2528.5274503770124,1.300257772355663,0.9944765467553804,0.4990642266110439,True,cluster0000,30.07327070382936,19.60109328826938,100.0,1
61,2019-06-12T07:35:58.000000000,2019-06-12T07:35:58_cand002,34.349546490362016,34.98246205776318,6.002075814781188,0.0073005031436696,0.3327115475346427,0.4658128332637141,True,cluster0000,30.07327070382936,19.60109328826938,100.0,3
8,2019-06-14T12:35:58.000000000,2019-06-14T12:35:58_cand000,34.11254649036201,35.27646205776319,4226.004834581624,1.2494046884314551,0.9482030633781224,0.4501378092469064,True,cluster0000,30.07327070382936,19.60109328826938,100.0,1
25,2019-06-13T19:35:58.000000000,2019-06-13T19:35:58_cand000,34.16654649036201,35.27646205776319,2398.022476256351,1.3014801768361022,0.9815418164202824,0.4441200856393047,True,cluster0000,30.07327070382936,19.60109328826938,100.0,1
62,2019-06-12T06:35:58.000000000,2019-06-12T06:35:58_cand004,34.41854649036202,35.03046205776318,3.064922958017897,0.0037585848959318,0.3216922770176394,0.433349204507101,True,cluster0000,30.07327070382936,19.60109328826938,100.0,3
63,2019-06-12T05:35:58.000000000,2019-06-12T05:35:58_cand004,34.42454649036202,35.02146205776318,3.0775271690928268,0.0038907072432985,0.3202622618703733,0.4276510993019329,True,cluster0000,30.07327070382936,19.60109328826938,100.0,3
64,2019-06-12T04:35:58.000000000,2019-06-12T04:35:58_cand004,34.43054649036202,35.01546205776318,3.0841311170245,0.0040384329777337,0.3167931752806616,0.4195786691920045,True,cluster0000,30.07327070382936,19.60109328826938,100.0,3
7,2019-06-14T13:35:58.000000000,2019-06-14T13:35:58_cand000,34.10954649036201,35.27646205776319,4250.756882270391,1.1872466963292665,0.9152231153820788,0.4007769583758674,True,cluster0000,30.07327070382936,19.60109328826938,100.0,1
