rank,mmsi,vessel_name,imo,vessel_type,ais_attribution_score,spatial_evidence,temporal_consecutive_evidence,temporal_coverage_evidence,support_evidence,null_evidence,null_p_value,effective_weight_spatial,effective_weight_temporal_consecutive,effective_weight_temporal_coverage,effective_weight_support,effective_weight_null,coverage_fraction,n_matches,n_observations_total,max_interval_hours,n_gaps_over_threshold,strongest_encounter_ais_t_s,strongest_encounter_distance_km,strongest_matching_candidate_id,strongest_candidate_support,strongest_candidate_cluster_id,first_close_encounter_t_s,last_close_encounter_t_s
1.0,211482965,SEASPAN CARRIER U94,9447036,Product Tanker,0.3696340981433723,0.9892746253298433,0.041666666666666664,0.041666666666666664,0.026885250445041916,1.0,0.0,0.35,0.2,0.2,0.25,0.0,0.9166666666666666,1259,67,1.0,0,2019-04-26 00:38:41+00:00,0.10783306097598981,2019-04-26T00:38:41_cand038,2.9870668315037654,cluster0000,2019-04-25 23:38:41+00:00,2019-04-26 01:38:41+00:00
2.0,370978298,MT SPIRIT Y80,9640149,Crude Oil Tanker,0.3296779863097253,0.8110120524064682,0.09722222222222222,0.1111111111111111,0.01662840520317894,0.49295774647887325,0.5070422535211268,0.35,0.2,0.2,0.25,0.0,1.0,1647,73,1.0,0,2019-04-25 18:38:41+00:00,2.094723638101116,2019-04-25T18:38:41_cand046,2.8699818699383677,cluster0000,2019-04-25 15:38:41+00:00,2019-04-25 23:38:41+00:00
3.0,352510260,OCEAN GLORY U47,9371055,LNG Carrier,0.3087643144389875,0.3087643144389875,,,,0.45070422535211263,0.5492957746478874,1.0,0.0,0.0,0.0,0.0,0.6527777777777778,396,48,1.0,0,2019-04-27 04:38:41+00:00,11.75177029559235,2019-04-27T04:38:41_cand007,6.119277712634894,cluster0000,,
4.0,256383837,NORDIC SPIRIT W40,9512902,Chemical Tanker,0.2602471830377903,0.709947018887697,0.013888888888888888,0.027777777777777776,0.013729572375052313,0.704225352112676,0.29577464788732394,0.35,0.2,0.2,0.25,0.0,0.20833333333333334,885,15,1.0,0,2019-04-25 15:38:41+00:00,3.4256493301601636,2019-04-25T15:38:41_cand051,3.186899378248561,cluster0000,2019-04-25 15:38:41+00:00,2019-04-25 17:38:41+00:00
5.0,352844541,PACIFIC JEWEL Z77,9991838,Crude Oil Tanker,0.22915342086232993,0.5510899851342047,0.041666666666666664,0.09722222222222222,0.03397659315032198,0.09859154929577463,0.9014084507042254,0.35,0.2,0.2,0.25,0.0,1.0,1647,73,1.0,0,2019-04-26 05:38:41+00:00,5.958571707599662,2019-04-26T05:38:41_cand046,3.0053158768191457,cluster0000,2019-04-25 19:38:41+00:00,2019-04-26 07:38:41+00:00
6.0,352291216,MV EAGLE B40,9348833,Bulk Carrier,0.22064842454520203,0.22064842454520203,,,,0.6338028169014085,0.36619718309859156,1.0,0.0,0.0,0.0,0.0,0.6666666666666666,419,49,1.0,0,2019-04-26 16:38:41+00:00,15.111846833546045,2019-04-26T16:38:41_cand011,5.895540450092556,cluster0000,,
7.0,538570865,MINERVA NAVIGATOR J50,9763827,Product Tanker,0.201380350757851,0.20138035075785102,,,,0.2676056338028169,0.7323943661971831,1.0,0.0,0.0,0.0,0.0,0.5277777777777778,1478,38,1.0,0,2019-04-26 16:38:41+00:00,16.0255986672515,2019-04-26T16:38:41_cand017,2.948914743260022,cluster0000,,
8.0,370393403,PACIFIC PIONEER H50,9478355,Crude Oil Tanker,0.1878926600615909,0.1878926600615909,,,,0.619718309859155,0.38028169014084506,1.0,0.0,0.0,0.0,0.0,0.9861111111111112,1574,72,1.0,0,2019-04-26 09:38:41+00:00,16.718844363294703,2019-04-26T09:38:41_cand038,2.8823063476803568,cluster0000,,
9.0,352969548,EVER SPIRIT Y77,9943913,Product Tanker,0.18147766609905217,0.3991143888331936,0.013888888888888888,0.013888888888888888,0.14492829780751543,0.3802816901408451,0.6197183098591549,0.35,0.2,0.2,0.25,0.0,0.7222222222222222,1585,52,1.0,0,2019-04-27 09:38:41+00:00,9.185072143746599,2019-04-27T09:38:41_cand003,59.14994126314119,cluster0000,2019-04-27 09:38:41+00:00,2019-04-27 09:38:41+00:00
10.0,636844994,PACIFIC LEADER R36,9552846,General Cargo,0.16778168111825578,0.4344758860014958,0.027777777777777776,0.027777777777777776,0.018416039626484634,0.2816901408450704,0.7183098591549296,0.35,0.2,0.2,0.25,0.0,0.6944444444444444,1578,50,1.0,0,2019-04-27 05:38:41+00:00,8.336148340872118,2019-04-27T05:38:41_cand007,9.017033056759965,cluster0000,2019-04-27 04:38:41+00:00,2019-04-27 05:38:41+00:00
11.0,311228164,OCEAN HORIZON S52,9123232,Crude Oil Tanker,0.13489375993781652,0.13489375993781652,,,,1.0,0.0,1.0,0.0,0.0,0.0,0.0,0.2777777777777778,1106,20,1.0,0,2019-04-25 15:38:41+00:00,20.032677737855582,2019-04-25T15:38:41_cand048,3.264349973541931,cluster0000,,
12.0,538688104,MT GLORY R38,9653968,General Cargo,0.1114670633914515,0.1114670633914515,,,,0.46478873239436624,0.5352112676056338,1.0,0.0,0.0,0.0,0.0,0.5416666666666666,1490,39,1.0,0,2019-04-27 02:38:41+00:00,21.940261273121987,2019-04-27T02:38:41_cand012,3.0245875959855644,cluster0000,,
13.0,352546934,MAERSK OASIS G89,9683055,Bulk Carrier,0.09901520452633696,0.09901520452633697,,,,0.18309859154929575,0.8169014084507042,1.0,0.0,0.0,0.0,0.0,0.5555555555555556,1500,40,1.0,0,2019-04-26 12:38:41+00:00,23.12481859565802,2019-04-26T12:38:41_cand029,2.865535949637567,cluster0000,,
14.0,636279196,OCEAN TRADER A62,9817009,Container Ship,0.07879258530546623,0.07879258530546623,,,,0.9859154929577465,0.014084507042253521,1.0,0.0,0.0,0.0,0.0,0.041666666666666664,211,3,1.0,0,2019-04-25 16:38:41+00:00,25.409363816538225,2019-04-25T16:38:41_cand065,2.810223495241881,cluster0006,,
15.0,235647063,MSC GLORY U28,9403506,Product Tanker,0.07411789215794991,0.07411789215794991,,,,0.8732394366197183,0.1267605633802817,1.0,0.0,0.0,0.0,0.0,0.5833333333333334,304,42,1.0,0,2019-04-26 20:38:41+00:00,26.02098316205322,2019-04-26T20:38:41_cand010,5.9950649136725715,cluster0000,,
16.0,211272575,CMA CGM OASIS J70,9894916,Chemical Tanker,0.06534420002124643,0.06534420002124643,,,,0.6619718309859155,0.3380281690140845,1.0,0.0,0.0,0.0,0.0,0.5,205,36,1.0,0,2019-04-27 14:38:41+00:00,27.280865953946947,2019-04-27T14:38:41_cand001,704.0451953157226,cluster0000,,
17.0,235570274,GLOBAL OASIS J16,9573058,Crude Oil Tanker,0.0652335062105011,0.0652335062105011,,,,0.7887323943661972,0.2112676056338028,1.0,0.0,0.0,0.0,0.0,0.8611111111111112,1083,63,2.0,0,2019-04-26 03:38:41+00:00,27.297820431162997,2019-04-26T03:38:41_cand027,6.726889600792946,cluster0000,,
18.0,211982813,STENA SPIRIT J10,9841471,LNG Carrier,0.04865270623021811,0.048652706230218105,,,,0.23943661971830987,0.7605633802816901,1.0,0.0,0.0,0.0,0.0,0.19444444444444445,831,14,1.0,0,2019-04-26 04:38:41+00:00,30.23047845376807,2019-04-26T04:38:41_cand052,2.961279373800285,cluster0000,,
19.0,636386963,PACIFIC OASIS V32,9354274,Fishing,0.04630964346738374,0.04630964346738374,,,,0.014084507042253502,0.9859154929577465,1.0,0.0,0.0,0.0,0.0,1.0,1647,73,1.0,0,2019-04-28 03:38:41+00:00,30.724050573447713,2019-04-28T03:38:41_cand001,195.78616221711877,cluster0000,,
20.0,235666807,STENA NAVIGATOR F76,9632498,Fishing,0.039860366795367856,0.039860366795367856,,,,1.0,0.0,1.0,0.0,0.0,0.0,0.0,0.4305555555555556,138,32,1.0,0,2019-04-27 19:38:41+00:00,32.22372762148311,2019-04-27T19:38:41_cand003,2.9233466455656445,cluster0001,,
21.0,370791549,MV JEWEL Y38,9852944,Container Ship,0.03239523970137411,0.03239523970137411,,,,0.5915492957746479,0.4084507042253521,1.0,0.0,0.0,0.0,0.0,0.8611111111111112,1028,63,2.0,0,2019-04-26 15:38:41+00:00,34.2974378977516,2019-04-26T15:38:41_cand012,3.0050007783063757,cluster0000,,
22.0,370342178,NORDIC PIONEER Z72,9716115,Crude Oil Tanker,0.02808795283531033,0.02808795283531033,,,,0.028169014084507005,0.971830985915493,1.0,0.0,0.0,0.0,0.0,0.8472222222222222,981,61,1.0,0,2019-04-28 10:38:41+00:00,35.724145192932085,2019-04-28T10:38:41_cand002,309.4124681083558,cluster0000,,
23.0,256158307,SEASPAN FALCON W91,9297917,General Cargo,0.026849158593954744,0.026849158593954748,,,,0.5211267605633803,0.4788732394366197,1.0,0.0,0.0,0.0,0.0,0.5555555555555556,268,40,1.0,0,2019-04-27 01:38:41+00:00,36.17520795801163,2019-04-27T01:38:41_cand013,2.937199680952831,cluster0000,,
24.0,211806066,NORDIC CARRIER V86,9213372,LNG Carrier,0.024123974695619478,0.024123974695619478,,,,0.22535211267605637,0.7746478873239436,1.0,0.0,0.0,0.0,0.0,0.7777777777777778,1600,56,1.0,0,2019-04-27 22:38:41+00:00,37.24549132323665,2019-04-27T22:38:41_cand001,139.45034228137519,cluster0000,,
25.0,636588999,NORDIC LEADER J37,9890068,Chemical Tanker,0.012939953191573999,0.012939953191573999,,,,0.46478873239436624,0.5352112676056338,1.0,0.0,0.0,0.0,0.0,0.5138888888888888,1466,37,1.0,0,2019-04-26 21:38:41+00:00,43.47435607259511,2019-04-26T21:38:41_cand010,8.714139482625564,cluster0000,,
26.0,370295520,NORDIC FALCON I44,9792689,Crude Oil Tanker,0.007627359887725698,0.007627359887725698,,,,1.0,0.0,1.0,0.0,0.0,0.0,0.0,0.08333333333333333,388,6,1.0,0,2019-04-25 16:38:41+00:00,48.76013510899664,2019-04-25T16:38:41_cand069,2.732524968727462,cluster0000,,
27.0,211870175,EVER NAVIGATOR X57,9210074,General Cargo,0.006827706323459247,0.006827706323459247,,,,0.47887323943661975,0.5211267605633803,1.0,0.0,0.0,0.0,0.0,0.5694444444444444,1509,41,1.0,0,2019-04-27 00:38:41+00:00,49.86766485598938,2019-04-27T00:38:41_cand013,2.9334236738569546,cluster0000,,
28.0,240244169,CMA CGM NAVIGATOR K48,9409105,Fishing,0.0047268213623179985,0.0047268213623179985,,,,0.9154929577464789,0.08450704225352113,1.0,0.0,0.0,0.0,0.0,0.6111111111111112,880,44,1.0,0,2019-04-27 16:38:41+00:00,53.54502318805801,2019-04-27T16:38:41_cand004,3.066455724388372,cluster0002,,
29.0,538345262,NORDIC JEWEL H28,9295454,General Cargo,0.004191093457980829,0.004191093457980829,,,,1.0,0.0,1.0,0.0,0.0,0.0,0.0,0.7222222222222222,541,53,1.0,0,2019-04-28 13:38:41+00:00,54.747936106025996,2019-04-28T13:38:41_cand002,314.37384642931335,cluster0000,,
30.0,256498819,CMA CGM OASIS J81,9558544,Fishing,0.0034310227323097312,0.003431022732309731,,,,0.0,1.0,1.0,0.0,0.0,0.0,0.0,0.375,105,28,1.0,0,2019-04-28 11:38:41+00:00,56.74896889563876,2019-04-28T11:38:41_cand001,1496.5484209801677,cluster0000,,
31.0,235393242,EVER HORIZON I60,9417922,Bulk Carrier,0.002968885230119349,0.0029688852301193495,,,,0.9154929577464789,0.08450704225352113,1.0,0.0,0.0,0.0,0.0,0.7638888888888888,1597,55,1.0,0,2019-04-25 20:38:41+00:00,58.1956874002065,2019-04-25T20:38:41_cand046,2.8647406366472588,cluster0000,,
32.0,205167782,EVER OASIS B54,9613808,Fishing,0.0018107708343298645,0.0018107708343298645,,,,0.04225352112676062,0.9577464788732394,1.0,0.0,0.0,0.0,0.0,0.9444444444444444,1635,68,1.0,0,2019-04-25 15:38:41+00:00,63.140026490431914,2019-04-25T15:38:41_cand056,2.9757372452894955,cluster0000,,
33.0,311646382,MAERSK PIONEER D66,9224966,LNG Carrier,0.0006501004341122299,0.0006501004341122299,,,,0.04225352112676062,0.9577464788732394,1.0,0.0,0.0,0.0,0.0,1.0,1647,73,1.0,0,2019-04-25 15:38:41+00:00,73.38383692991837,2019-04-25T15:38:41_cand056,2.9757372452894955,cluster0000,,
34.0,538203158,MV HORIZON B82,9157355,Bulk Carrier,0.0006273286016687616,0.0006273286016687616,,,,0.6056338028169015,0.39436619718309857,1.0,0.0,0.0,0.0,0.0,0.5277777777777778,292,38,1.0,0,2019-04-27 14:38:41+00:00,73.74040069020134,2019-04-27T14:38:41_cand001,704.0451953157226,cluster0000,,
35.0,256974566,MINERVA TRADER K13,9157226,LNG Carrier,0.0005889917062636844,0.0005889917062636844,,,,0.45070422535211263,0.5492957746478874,1.0,0.0,0.0,0.0,0.0,0.6527777777777778,1556,47,1.0,0,2019-04-27 09:38:41+00:00,74.37098455458202,2019-04-27T09:38:41_cand003,59.14994126314119,cluster0000,,
36.0,240790291,MAERSK NAVIGATOR V47,9159754,General Cargo,0.0005512361915632818,0.0005512361915632818,,,,0.9154929577464789,0.08450704225352113,1.0,0.0,0.0,0.0,0.0,0.6527777777777778,562,47,1.0,0,2019-04-26 18:38:41+00:00,75.03347180835267,2019-04-26T18:38:41_cand008,6.01338945851142,cluster0000,,
37.0,240242259,OCEAN LEADER C76,9467052,Product Tanker,0.0004345930581503678,0.0004345930581503678,,,,0.07042253521126762,0.9295774647887324,1.0,0.0,0.0,0.0,0.0,1.0,1647,73,1.0,0,2019-04-28 14:38:41+00:00,77.41100463232313,2019-04-28T14:38:41_cand002,313.14606995757686,cluster0000,,
38.0,538463585,PACIFIC FALCON D17,9442498,Fishing,0.000403859300919742,0.000403859300919742,,,,0.9295774647887324,0.07042253521126761,1.0,0.0,0.0,0.0,0.0,0.8055555555555556,1605,58,1.0,0,2019-04-25 15:38:41+00:00,78.14444005711624,2019-04-25T15:38:41_cand045,3.3656125354498254,cluster0000,,
39.0,538952672,EVER HORIZON D37,9203196,Bulk Carrier,0.0003945069814596079,0.0003945069814596079,,,,0.18309859154929575,0.8169014084507042,1.0,0.0,0.0,0.0,0.0,0.625,726,45,1.0,0,2019-04-28 01:38:41+00:00,78.37873720852406,2019-04-28T01:38:41_cand001,188.07566763549323,cluster0000,,
40.0,370671721,CMA CGM HORIZON I56,9679948,Fishing,0.00037000720477530847,0.0003700072047753084,,,,0.0,1.0,1.0,0.0,0.0,0.0,0.0,0.5277777777777778,1478,38,1.0,0,2019-04-25 15:38:41+00:00,79.0198808014989,2019-04-25T15:38:41_cand071,2.7367207328685255,cluster0000,,
41.0,211500109,STENA CARRIER U65,9432775,Bulk Carrier,0.0002267972164300255,0.0002267972164300255,,,,0.7887323943661972,0.2112676056338028,1.0,0.0,0.0,0.0,0.0,0.6111111111111112,1190,44,1.0,0,2019-04-27 09:38:41+00:00,83.91454259422213,2019-04-27T09:38:41_cand003,59.14994126314119,cluster0000,,
42.0,636681765,MAERSK HORIZON C13,9604498,LNG Carrier,0.00013617980217251241,0.00013617980217251241,,,,0.0,1.0,1.0,0.0,0.0,0.0,0.0,0.8472222222222222,981,62,1.0,0,2019-04-28 08:38:41+00:00,89.01534470601709,2019-04-28T08:38:41_cand002,298.3121684247744,cluster0000,,
43.0,256148648,SEASPAN STAR N41,9780217,Chemical Tanker,0.0001351818024589686,0.0001351818024589686,,,,0.08450704225352113,0.9154929577464789,1.0,0.0,0.0,0.0,0.0,0.5138888888888888,289,37,1.0,0,2019-04-28 03:38:41+00:00,89.08890000611403,2019-04-28T03:38:41_cand001,195.78616221711877,cluster0000,,
44.0,352115226,MT OASIS K66,9950827,Chemical Tanker,0.00012585900125510835,0.00012585900125510835,,,,0.0,1.0,1.0,0.0,0.0,0.0,0.0,0.09722222222222222,21,8,1.0,0,2019-04-28 13:38:41+00:00,89.80348315260801,2019-04-28T13:38:41_cand002,314.37384642931335,cluster0000,,
45.0,256510073,GLOBAL EAGLE R65,9785407,Fishing,0.00010105440836294846,0.00010105440836294846,,,,0.19718309859154926,0.8028169014084507,1.0,0.0,0.0,0.0,0.0,0.25,53,19,1.0,0,2019-04-27 22:38:41+00:00,91.99851489505119,2019-04-27T22:38:41_cand001,139.45034228137519,cluster0000,,
46.0,311745703,STENA PIONEER S10,9288011,General Cargo,6.881745707134546e-05,6.881745707134546e-05,,,,1.0,0.0,1.0,0.0,0.0,0.0,0.0,0.3611111111111111,98,27,1.0,0,2019-04-28 14:38:41+00:00,95.84053108708524,2019-04-28T14:38:41_cand002,313.14606995757686,cluster0000,,
47.0,240257238,MV GLORY V30,9109119,General Cargo,5.991493212380429e-05,5.991493212380429e-05,,,,0.5070422535211268,0.49295774647887325,1.0,0.0,0.0,0.0,0.0,1.0,1647,73,1.0,0,2019-04-25 16:38:41+00:00,97.22584799705271,2019-04-25T16:38:41_cand028,8.896105079406276,cluster0000,,
48.0,352555360,MV FALCON K82,9206516,Container Ship,3.717698102620929e-05,3.717698102620929e-05,,,,1.0,0.0,1.0,0.0,0.0,0.0,0.0,0.3611111111111111,98,27,1.0,0,2019-04-28 14:38:41+00:00,101.99820777832514,2019-04-28T14:38:41_cand002,313.14606995757686,cluster0000,,
49.0,311596450,PACIFIC PIONEER L36,9988880,Container Ship,3.548986835961855e-05,3.548986835961855e-05,,,,0.028169014084507005,0.971830985915493,1.0,0.0,0.0,0.0,0.0,0.06944444444444445,15,6,1.0,0,2019-04-28 10:38:41+00:00,102.46263300537359,2019-04-28T10:38:41_cand002,309.4124681083558,cluster0000,,
50.0,311510271,GLOBAL NAVIGATOR C43,9135698,Chemical Tanker,2.345608125624315e-05,2.345608125624315e-05,,,,0.14084507042253525,0.8591549295774648,1.0,0.0,0.0,0.0,0.0,0.6944444444444444,896,50,1.0,0,2019-04-28 01:38:41+00:00,106.603807680674,2019-04-28T01:38:41_cand000,1498.5687633938733,cluster0000,,
51.0,370219823,HELLAS EAGLE B85,9364767,Product Tanker,1.9789064796200347e-05,1.9789064796200347e-05,,,,0.028169014084507005,0.971830985915493,1.0,0.0,0.0,0.0,0.0,0.16666666666666666,720,12,1.0,0,2019-04-25 16:38:41+00:00,108.30381055848412,2019-04-25T16:38:41_cand043,3.4310461323742047,cluster0000,,
52.0,352502387,MV GLORY T67,9193062,Fishing,1.3538222082328211e-05,1.3538222082328211e-05,,,,0.9577464788732395,0.04225352112676056,1.0,0.0,0.0,0.0,0.0,0.6666666666666666,497,48,1.0,0,2019-04-28 11:38:41+00:00,112.09993607644834,2019-04-28T11:38:41_cand002,312.56678893921855,cluster0000,,
53.0,636533914,GLOBAL GLORY F62,9841926,LNG Carrier,1.3093927152217637e-05,1.3093927152217637e-05,,,,1.0,0.0,1.0,0.0,0.0,0.0,0.0,0.25,53,19,1.0,0,2019-04-28 14:38:41+00:00,112.4336201140841,2019-04-28T14:38:41_cand000,2438.0584890320088,cluster0000,,
54.0,636803574,PACIFIC PIONEER N39,9272600,Fishing,1.2762549094038309e-05,1.2762549094038307e-05,,,,0.323943661971831,0.676056338028169,1.0,0.0,0.0,0.0,0.0,0.9583333333333334,1436,70,1.0,0,2019-04-25 21:38:41+00:00,112.68995527739396,2019-04-25T21:38:41_cand039,3.4655726273743497,cluster0000,,
55.0,352367784,OCEAN LEADER V81,9907001,General Cargo,1.1721777965446841e-05,1.1721777965446841e-05,,,,0.6901408450704225,0.30985915492957744,1.0,0.0,0.0,0.0,0.0,0.2638888888888889,1067,19,1.0,0,2019-04-25 15:38:41+00:00,113.54062081784805,2019-04-25T15:38:41_cand066,2.805175717877688,cluster0000,,
56.0,352604716,NORDIC LEADER H20,9126424,Bulk Carrier,1.0705723121601354e-05,1.0705723121601354e-05,,,,0.08450704225352113,0.9154929577464789,1.0,0.0,0.0,0.0,0.0,0.7638888888888888,1394,55,1.0,0,2019-04-27 20:38:41+00:00,114.44732088311319,2019-04-27T20:38:41_cand001,129.87763990165243,cluster0000,,
57.0,370482235,PACIFIC GLORY E29,9691826,Crude Oil Tanker,1.0519480041121908e-05,1.0519480041121908e-05,,,,0.0,1.0,1.0,0.0,0.0,0.0,0.0,0.3194444444444444,1202,23,1.0,0,2019-04-25 15:38:41+00:00,114.62281777625071,2019-04-25T15:38:41_cand071,2.7367207328685255,cluster0000,,
58.0,538580891,SEASPAN NAVIGATOR G78,9943764,Fishing,8.730113874828588e-06,8.730113874828588e-06,,,,0.14084507042253525,0.8591549295774648,1.0,0.0,0.0,0.0,0.0,0.125,27,10,1.0,0,2019-04-28 09:38:41+00:00,116.4873214411667,2019-04-28T09:38:41_cand002,305.99968323292114,cluster0000,,
59.0,311921053,PACIFIC TRADER S37,9907636,General Cargo,7.413458132055104e-06,7.413458132055103e-06,,,,0.46478873239436624,0.5352112676056338,1.0,0.0,0.0,0.0,0.0,0.5138888888888888,1466,37,1.0,0,2019-04-27 03:38:41+00:00,118.12213543031747,2019-04-27T03:38:41_cand005,46.1734824359752,cluster0000,,
60.0,240328231,OCEAN PIONEER G85,9474247,Fishing,4.672763304242888e-06,4.672763304242888e-06,,,,0.0,1.0,1.0,0.0,0.0,0.0,0.0,1.0,1647,73,1.0,0,2019-04-25 15:38:41+00:00,122.73759947306513,2019-04-25T15:38:41_cand056,2.9757372452894955,cluster0000,,
61.0,538816244,NORDIC TRADER M64,9449769,Fishing,4.351476572617726e-06,4.351476572617726e-06,,,,0.0,1.0,1.0,0.0,0.0,0.0,0.0,0.3472222222222222,1251,25,1.0,0,2019-04-25 15:38:41+00:00,123.4499532847999,2019-04-25T15:38:41_cand027,11.150775177059993,cluster0000,,
62.0,235240550,MINERVA HORIZON U59,9478626,Chemical Tanker,2.773259112491456e-06,2.7732591124914554e-06,,,,0.3380281690140845,0.6619718309859155,1.0,0.0,0.0,0.0,0.0,1.0,1647,73,1.0,0,2019-04-25 15:38:41+00:00,127.95487354480177,2019-04-25T15:38:41_cand056,2.9757372452894955,cluster0000,,
63.0,352624154,MV SPIRIT T77,9782665,Crude Oil Tanker,1.4800357993634112e-06,1.4800357993634112e-06,,,,0.3661971830985915,0.6338028169014085,1.0,0.0,0.0,0.0,0.0,0.6805555555555556,1571,49,1.0,0,2019-04-27 04:38:41+00:00,134.2344428172173,2019-04-27T04:38:41_cand006,39.791439210402814,cluster0000,,
64.0,538231923,PACIFIC TRADER N37,9617454,General Cargo,1.25511205263538e-06,1.25511205263538e-06,,,,0.4225352112676056,0.5774647887323944,1.0,0.0,0.0,0.0,0.0,0.5277777777777778,223,39,1.0,0,2019-04-27 06:38:41+00:00,135.88285704397762,2019-04-27T06:38:41_cand009,3.0261152040730686,cluster0000,,
65.0,256864761,HELLAS CARRIER R48,9921776,Container Ship,1.1260761658997958e-06,1.1260761658997958e-06,,,,1.0,0.0,1.0,0.0,0.0,0.0,0.0,0.6805555555555556,445,50,1.0,0,2019-04-28 13:38:41+00:00,136.9677138763943,2019-04-28T13:38:41_cand002,314.37384642931335,cluster0000,,
66.0,538782158,STENA EAGLE U57,9244342,General Cargo,1.070148840071209e-06,1.070148840071209e-06,,,,1.0,0.0,1.0,0.0,0.0,0.0,0.0,0.4027777777777778,120,30,2.0,0,2019-04-28 14:38:41+00:00,137.47712816294077,2019-04-28T14:38:41_cand000,2438.0584890320088,cluster0000,,
67.0,370869943,PACIFIC EAGLE E39,9637118,LNG Carrier,9.274498143411826e-07,9.274498143411826e-07,,,,0.0,1.0,1.0,0.0,0.0,0.0,0.0,0.8194444444444444,870,60,1.0,0,2019-04-28 14:38:41+00:00,138.90827152455768,2019-04-28T14:38:41_cand002,313.14606995757686,cluster0000,,
68.0,636163278,MT PIONEER J85,9290180,Fishing,9.101472369128617e-07,9.101472369128618e-07,,,,0.9154929577464789,0.08450704225352113,1.0,0.0,0.0,0.0,0.0,0.6944444444444444,1578,50,1.0,0,2019-04-27 15:38:41+00:00,139.09659451718187,2019-04-27T15:38:41_cand005,3.0730228994382855,cluster0002,,
69.0,311205033,NORDIC NAVIGATOR A91,9696725,Product Tanker,4.217626547451928e-07,4.217626547451928e-07,,,,0.6619718309859155,0.3380281690140845,1.0,0.0,0.0,0.0,0.0,1.0,1647,73,1.0,0,2019-04-27 02:38:41+00:00,146.78823110646968,2019-04-27T02:38:41_cand013,2.9213408722186402,cluster0000,,
70.0,256716054,MV JEWEL E18,9203677,LNG Carrier,4.1036701733528033e-07,4.1036701733528033e-07,,,,0.0,1.0,1.0,0.0,0.0,0.0,0.0,0.3333333333333333,188,25,5.0,0,2019-04-28 04:38:41+00:00,147.06213913436224,2019-04-28T04:38:41_cand000,1754.3878977393135,cluster0000,,
71.0,205725810,MV JEWEL N87,9435413,Crude Oil Tanker,3.2392050326416287e-07,3.2392050326416287e-07,,,,0.47887323943661975,0.5211267605633803,1.0,0.0,0.0,0.0,0.0,1.0,1647,73,1.0,0,2019-04-25 15:38:41+00:00,149.42767711555638,2019-04-25T15:38:41_cand056,2.9757372452894955,cluster0000,,
72.0,211400672,EVER TRADER I79,9750456,Bulk Carrier,2.922193403073915e-07,2.922193403073915e-07,,,,0.5774647887323944,0.4225352112676056,1.0,0.0,0.0,0.0,0.0,0.6388888888888888,371,47,1.0,0,2019-04-27 03:38:41+00:00,150.45761151225412,2019-04-27T03:38:41_cand005,46.1734824359752,cluster0000,,
73.0,311175476,MSC PIONEER K57,9846064,Product Tanker,2.251104033858821e-07,2.251104033858821e-07,,,,0.8028169014084507,0.19718309859154928,1.0,0.0,0.0,0.0,0.0,1.0,1647,73,1.0,0,2019-04-26 03:38:41+00:00,153.06674873371867,2019-04-26T03:38:41_cand034,6.056278470768632,cluster0000,,
74.0,352732412,MSC GLORY E33,9787084,Product Tanker,2.0947008298402368e-07,2.0947008298402368e-07,,,,0.07042253521126762,0.9295774647887324,1.0,0.0,0.0,0.0,0.0,0.5833333333333334,1518,42,1.0,0,2019-04-25 17:38:41+00:00,153.7868490976696,2019-04-25T17:38:41_cand063,2.7746084179224573,cluster0000,,
75.0,235986360,MINERVA STAR X22,9537087,Fishing,2.0798022568122827e-07,2.0798022568122827e-07,,,,,,1.0,0.0,0.0,0.0,0.0,0.013888888888888888,3,1,,0,2019-04-28 14:38:41+00:00,153.8582283060467,2019-04-28T14:38:41_cand000,2438.0584890320088,cluster0000,,
76.0,235438312,MV STAR S30,9430348,LNG Carrier,1.966080543524307e-07,1.9660805435243068e-07,,,,0.014084507042253502,0.9859154929577465,1.0,0.0,0.0,0.0,0.0,0.3472222222222222,91,26,1.0,0,2019-04-27 18:38:41+00:00,154.42053661850593,2019-04-27T18:38:41_cand001,115.4613028976153,cluster0000,,
77.0,256896903,HELLAS LEADER E82,9750500,General Cargo,1.789057874511185e-07,1.789057874511185e-07,,,,0.8732394366197183,0.1267605633802817,1.0,0.0,0.0,0.0,0.0,0.6111111111111112,1029,44,1.0,0,2019-04-26 01:38:41+00:00,155.36406496753102,2019-04-26T01:38:41_cand046,3.0059042965310283,cluster0000,,
78.0,205646388,MSC FALCON F68,9810775,Fishing,1.57808199871656e-07,1.57808199871656e-07,,,,0.0,1.0,1.0,0.0,0.0,0.0,0.0,0.5,1444,36,3.0,0,2019-04-25 15:38:41+00:00,156.61885466185996,2019-04-25T15:38:41_cand016,20.079072246881456,cluster0000,,
79.0,235690932,MV OASIS N17,9120238,Chemical Tanker,1.4734630097303111e-07,1.4734630097303111e-07,,,,0.19718309859154926,0.8028169014084507,1.0,0.0,0.0,0.0,0.0,0.3333333333333333,1228,24,1.0,0,2019-04-26 14:38:41+00:00,157.30480231755917,2019-04-26T14:38:41_cand024,2.873087459292239,cluster0000,,
80.0,370595555,STENA NAVIGATOR U79,9557679,General Cargo,1.0315131512620735e-07,1.0315131512620737e-07,,,,0.7323943661971831,0.2676056338028169,1.0,0.0,0.0,0.0,0.0,0.5,1453,36,1.0,0,2019-04-26 23:38:41+00:00,160.8706884786227,2019-04-26T23:38:41_cand008,5.929387726151965,cluster0000,,
81.0,311371757,CMA CGM PIONEER O99,9589863,Bulk Carrier,9.411837447115454e-08,9.411837447115454e-08,,,,0.12676056338028174,0.8732394366197183,1.0,0.0,0.0,0.0,0.0,0.3611111111111111,98,27,2.0,0,2019-04-27 12:38:41+00:00,161.78712544048605,2019-04-27T12:38:41_cand001,656.2744988553103,cluster0000,,
82.0,240273480,MSC STAR F89,9210090,Chemical Tanker,6.630114199729212e-08,6.630114199729212e-08,,,,0.9577464788732395,0.04225352112676056,1.0,0.0,0.0,0.0,0.0,0.9722222222222222,1641,70,1.0,0,2019-04-28 12:38:41+00:00,165.2905871520773,2019-04-28T12:38:41_cand002,311.4935804773988,cluster0000,,
83.0,370303882,SEASPAN JEWEL I51,9807631,General Cargo,3.3462309447761575e-08,3.3462309447761575e-08,,,,0.014084507042253502,0.9859154929577465,1.0,0.0,0.0,0.0,0.0,0.2638888888888889,57,20,1.0,0,2019-04-28 10:38:41+00:00,172.12846122617114,2019-04-28T10:38:41_cand002,309.4124681083558,cluster0000,,
84.0,235718256,EVER JEWEL J95,9178621,Bulk Carrier,3.0893004263435696e-08,3.0893004263435696e-08,,,,0.9154929577464789,0.08450704225352113,1.0,0.0,0.0,0.0,0.0,0.09722222222222222,21,8,1.0,0,2019-04-28 10:38:41+00:00,172.92736077916453,2019-04-28T10:38:41_cand002,309.4124681083558,cluster0000,,
85.0,240653177,CMA CGM NAVIGATOR Y97,9686645,General Cargo,2.409219464444231e-08,2.409219464444231e-08,,,,0.04225352112676062,0.9577464788732394,1.0,0.0,0.0,0.0,0.0,0.8055555555555556,1605,58,1.0,0,2019-04-25 15:38:41+00:00,175.413779225828,2019-04-25T15:38:41_cand056,2.9757372452894955,cluster0000,,
86.0,256956984,MINERVA LEADER K79,9333059,Container Ship,1.2255078758703086e-08,1.2255078758703087e-08,,,,0.704225352112676,0.29577464788732394,1.0,0.0,0.0,0.0,0.0,0.2638888888888889,57,20,1.0,0,2019-04-27 20:38:41+00:00,182.17325393328227,2019-04-27T20:38:41_cand001,129.87763990165243,cluster0000,,
87.0,636357411,PACIFIC STAR P53,9779911,Product Tanker,6.090737334123906e-09,6.090737334123906e-09,,,,0.05633802816901412,0.9436619718309859,1.0,0.0,0.0,0.0,0.0,0.7638888888888888,1597,55,1.0,0,2019-04-25 15:38:41+00:00,189.1649668962659,2019-04-25T15:38:41_cand056,2.9757372452894955,cluster0000,,
88.0,256671477,STENA PIONEER I86,9419704,Product Tanker,5.69893659254746e-09,5.69893659254746e-09,,,,0.295774647887324,0.704225352112676,1.0,0.0,0.0,0.0,0.0,0.05555555555555555,272,4,1.0,0,2019-04-25 16:38:41+00:00,189.82986242221867,2019-04-25T16:38:41_cand028,8.896105079406276,cluster0000,,
89.0,205677546,OCEAN GLORY Y64,9143046,Product Tanker,5.359771073497591e-09,5.359771073497591e-09,,,,0.0,1.0,1.0,0.0,0.0,0.0,0.0,1.0,1647,73,1.0,0,2019-04-25 17:38:41+00:00,190.44344572944166,2019-04-25T17:38:41_cand027,8.926640477803419,cluster0000,,
90.0,636460487,HELLAS GLORY M36,9741484,General Cargo,5.315778739465369e-09,5.315778739465369e-09,,,,0.7323943661971831,0.2676056338028169,1.0,0.0,0.0,0.0,0.0,0.8333333333333334,1611,60,1.0,0,2019-04-28 02:38:41+00:00,190.52586318582127,2019-04-28T02:38:41_cand001,188.79452367932842,cluster0000,,
91.0,240577566,STENA FALCON L41,9511160,General Cargo,2.922033934713903e-09,2.922033934713903e-09,,,,0.9436619718309859,0.056338028169014086,1.0,0.0,0.0,0.0,0.0,0.9444444444444444,1635,68,1.0,0,2019-04-28 10:38:41+00:00,196.50985910162444,2019-04-28T10:38:41_cand002,309.4124681083558,cluster0000,,
92.0,205116361,MV LEADER D37,9666506,Fishing,2.5653875274195525e-09,2.5653875274195525e-09,,,,0.5915492957746479,0.4084507042253521,1.0,0.0,0.0,0.0,0.0,0.25,1026,18,1.0,0,2019-04-26 08:38:41+00:00,197.81156286920898,2019-04-26T08:38:41_cand041,2.9015545000068146,cluster0000,,
93.0,205487533,MSC FALCON U32,9769197,Bulk Carrier,1.6087761455354386e-09,1.6087761455354386e-09,,,,0.04225352112676062,0.9577464788732394,1.0,0.0,0.0,0.0,0.0,0.7083333333333334,1581,51,1.0,0,2019-04-25 15:38:41+00:00,202.47792105069195,2019-04-25T15:38:41_cand056,2.9757372452894955,cluster0000,,
94.0,240150126,CMA CGM STAR W73,9827484,Bulk Carrier,1.5699462690762265e-09,1.5699462690762265e-09,,,,0.6056338028169015,0.39436619718309857,1.0,0.0,0.0,0.0,0.0,0.75,1524,54,1.0,0,2019-04-27 15:38:41+00:00,202.7222444169016,2019-04-27T15:38:41_cand005,3.0730228994382855,cluster0002,,
95.0,636644820,CMA CGM TRADER M91,9230851,LNG Carrier,1.2762954126530824e-09,1.2762954126530824e-09,,,,0.8450704225352113,0.15492957746478872,1.0,0.0,0.0,0.0,0.0,0.375,1297,27,1.0,0,2019-04-26 16:38:41+00:00,204.79304164200784,2019-04-26T16:38:41_cand016,2.984491032351135,cluster0000,,
96.0,370693843,MV EAGLE H51,9391891,Product Tanker,1.0583060704767446e-09,1.0583060704767446e-09,,,,0.014084507042253502,0.9859154929577465,1.0,0.0,0.0,0.0,0.0,1.0,1647,73,1.0,0,2019-04-25 17:38:41+00:00,206.6659625378112,2019-04-25T17:38:41_cand027,8.926640477803419,cluster0000,,
97.0,636173534,NORDIC LEADER T57,9440690,Chemical Tanker,5.852608044481376e-10,5.852608044481376e-10,,,,0.9295774647887324,0.07042253521126761,1.0,0.0,0.0,0.0,0.0,0.5,240,36,1.0,0,2019-04-28 10:38:41+00:00,212.58963548475245,2019-04-28T10:38:41_cand002,309.4124681083558,cluster0000,,
98.0,370303189,MINERVA JEWEL O98,9576775,Crude Oil Tanker,3.635616392954403e-10,3.6356163929544033e-10,,,,0.47887323943661975,0.5211267605633803,1.0,0.0,0.0,0.0,0.0,0.4444444444444444,244,32,1.0,0,2019-04-26 22:38:41+00:00,217.35072261678792,2019-04-26T22:38:41_cand015,3.0042415602575137,cluster0000,,
99.0,636344306,EVER SPIRIT R80,9503677,General Cargo,1.9890339782039424e-10,1.9890339782039424e-10,,,,0.0,1.0,1.0,0.0,0.0,0.0,0.0,0.125,27,10,1.0,0,2019-04-28 13:38:41+00:00,223.38201847155742,2019-04-28T13:38:41_cand002,314.37384642931335,cluster0000,,
100.0,538417862,SEASPAN PIONEER M98,9207957,General Cargo,1.6610717259565026e-10,1.6610717259565026e-10,,,,0.0,1.0,1.0,0.0,0.0,0.0,0.0,1.0,1647,73,1.0,0,2019-04-28 14:38:41+00:00,225.1838791784759,2019-04-28T14:38:41_cand002,313.14606995757686,cluster0000,,
101.0,235597953,MAERSK TRADER O40,9504489,Product Tanker,1.5518688395976453e-10,1.5518688395976453e-10,,,,0.04225352112676062,0.9577464788732394,1.0,0.0,0.0,0.0,0.0,0.4166666666666667,1359,30,1.0,0,2019-04-25 15:38:41+00:00,225.86391022319177,2019-04-25T15:38:41_cand056,2.9757372452894955,cluster0000,,
102.0,240181948,STENA HORIZON W45,9676223,Bulk Carrier,6.864925189354184e-11,6.864925189354184e-11,,,,1.0,0.0,1.0,0.0,0.0,0.0,0.0,0.4861111111111111,181,36,1.0,0,2019-04-28 14:38:41+00:00,234.0201088117319,2019-04-28T14:38:41_cand002,313.14606995757686,cluster0000,,
103.0,538497980,MINERVA GLORY Q77,9935084,Crude Oil Tanker,5.766375610257725e-11,5.7663756102577254e-11,,,,0.4225352112676056,0.5774647887323944,1.0,0.0,0.0,0.0,0.0,0.3333333333333333,84,25,1.0,0,2019-04-27 15:38:41+00:00,235.76392283582288,2019-04-27T15:38:41_cand004,3.0932674443321133,cluster0002,,
104.0,240119999,CMA CGM NAVIGATOR M55,9776300,Chemical Tanker,5.408351071767873e-11,5.408351071767873e-11,,,,0.971830985915493,0.028169014084507043,1.0,0.0,0.0,0.0,0.0,0.9166666666666666,1369,66,1.0,0,2019-04-28 12:38:41+00:00,236.40491769184024,2019-04-28T12:38:41_cand002,311.4935804773988,cluster0000,,
105.0,352757383,STENA NAVIGATOR D83,9715253,Fishing,2.592880805958831e-11,2.592880805958831e-11,,,,0.8309859154929577,0.16901408450704225,1.0,0.0,0.0,0.0,0.0,0.8888888888888888,1145,65,1.0,0,2019-04-26 02:38:41+00:00,243.75666485055487,2019-04-26T02:38:41_cand031,6.103437589645729,cluster0000,,
106.0,636653187,MAERSK NAVIGATOR Q85,9717296,Container Ship,2.2646480851246803e-11,2.2646480851246803e-11,,,,0.07042253521126762,0.9295774647887324,1.0,0.0,0.0,0.0,0.0,0.1111111111111111,502,8,1.0,0,2019-04-25 22:38:41+00:00,245.1101664687668,2019-04-25T22:38:41_cand047,2.9269015075963933,cluster0000,,
107.0,235544123,MT HORIZON C37,9879591,Crude Oil Tanker,1.9481531226172475e-11,1.9481531226172475e-11,,,,0.5070422535211268,0.49295774647887325,1.0,0.0,0.0,0.0,0.0,0.05555555555555555,272,4,1.0,0,2019-04-25 18:38:41+00:00,246.61554215763718,2019-04-25T18:38:41_cand051,2.818704051830755,cluster0000,,
108.0,211166763,SEASPAN LEADER H96,9557756,Bulk Carrier,1.6733224663165337e-11,1.6733224663165337e-11,,,,0.04225352112676062,0.9577464788732394,1.0,0.0,0.0,0.0,0.0,0.7777777777777778,1600,56,1.0,0,2019-04-25 15:38:41+00:00,248.1362487215321,2019-04-25T15:38:41_cand056,2.9757372452894955,cluster0000,,
109.0,235529732,PACIFIC SPIRIT L68,9208921,Container Ship,1.4570943696468368e-11,1.4570943696468368e-11,,,,0.3943661971830986,0.6056338028169014,1.0,0.0,0.0,0.0,0.0,1.0,1647,73,1.0,0,2019-04-25 16:38:41+00:00,249.51991727985802,2019-04-25T16:38:41_cand028,8.896105079406276,cluster0000,,
110.0,205499922,MV HORIZON J28,9672992,Container Ship,1.3487487802075484e-11,1.3487487802075484e-11,,,,0.07042253521126762,0.9295774647887324,1.0,0.0,0.0,0.0,0.0,0.4166666666666667,1359,30,1.0,0,2019-04-25 15:38:41+00:00,250.29258689732063,2019-04-25T15:38:41_cand056,2.9757372452894955,cluster0000,,
111.0,538959041,GLOBAL FALCON E64,9950453,Container Ship,1.2482770055241948e-11,1.248277005524195e-11,,,,1.0,0.0,1.0,0.0,0.0,0.0,0.0,0.7777777777777778,713,57,1.0,0,2019-04-28 14:38:41+00:00,251.06671818062,2019-04-28T14:38:41_cand002,313.14606995757686,cluster0000,,
112.0,370983027,MT FALCON H20,9841604,General Cargo,9.562195138418081e-12,9.562195138418081e-12,,,,0.7183098591549295,0.28169014084507044,1.0,0.0,0.0,0.0,0.0,0.6944444444444444,474,51,1.0,0,2019-04-26 13:38:41+00:00,253.73203798233845,2019-04-26T13:38:41_cand028,2.8563623184655555,cluster0000,,
113.0,256670022,PACIFIC EAGLE D43,9639251,Product Tanker,7.082735379047805e-12,7.082735379047805e-12,,,,0.5211267605633803,0.4788732394366197,1.0,0.0,0.0,0.0,0.0,0.4444444444444444,147,33,1.0,0,2019-04-27 09:38:41+00:00,256.7336092986516,2019-04-27T09:38:41_cand003,59.14994126314119,cluster0000,,
114.0,538187460,MINERVA HORIZON C49,9212235,LNG Carrier,5.182864473044847e-12,5.182864473044847e-12,,,,0.8450704225352113,0.15492957746478872,1.0,0.0,0.0,0.0,0.0,0.4722222222222222,1424,34,1.0,0,2019-04-27 00:38:41+00:00,259.8566322542387,2019-04-27T00:38:41_cand013,2.9334236738569546,cluster0000,,
115.0,256466360,MINERVA STAR V31,9828712,Crude Oil Tanker,4.20319580632161e-12,4.20319580632161e-12,,,,1.0,0.0,1.0,0.0,0.0,0.0,0.0,0.5416666666666666,237,40,1.0,0,2019-04-28 14:38:41+00:00,261.95175973714584,2019-04-28T14:38:41_cand002,313.14606995757686,cluster0000,,
116.0,240731911,MV TRADER D14,9291288,Crude Oil Tanker,2.4299795452957934e-12,2.4299795452957934e-12,,,,0.9859154929577465,0.014084507042253521,1.0,0.0,0.0,0.0,0.0,1.0,1647,73,1.0,0,2019-04-28 13:38:41+00:00,267.43138276185266,2019-04-28T13:38:41_cand002,314.37384642931335,cluster0000,,
117.0,240847668,MT SPIRIT M64,9627684,LNG Carrier,2.249379933675327e-12,2.249379933675327e-12,,,,1.0,0.0,1.0,0.0,0.0,0.0,0.0,0.7777777777777778,713,57,1.0,0,2019-04-28 14:38:41+00:00,268.2036652272594,2019-04-28T14:38:41_cand002,313.14606995757686,cluster0000,,
118.0,636180261,STENA SPIRIT P44,9607967,General Cargo,1.2720557458721007e-12,1.2720557458721007e-12,,,,0.0,1.0,1.0,0.0,0.0,0.0,0.0,0.9027777777777778,1626,65,1.0,0,2019-04-25 15:38:41+00:00,273.90386826599774,2019-04-25T15:38:41_cand056,2.9757372452894955,cluster0000,,
119.0,636100554,GLOBAL JEWEL T47,9532242,Bulk Carrier,1.045374694216586e-12,1.045374694216586e-12,,,,0.0,1.0,1.0,0.0,0.0,0.0,0.0,1.0,1647,73,1.0,0,2019-04-25 16:38:41+00:00,275.86645735719776,2019-04-25T16:38:41_cand054,2.924665863080858,cluster0000,,
120.0,538524915,CMA CGM NAVIGATOR B30,9816979,Fishing,2.1330895570635675e-13,2.1330895570635675e-13,,,,0.704225352112676,0.29577464788732394,1.0,0.0,0.0,0.0,0.0,1.0,1647,73,1.0,0,2019-04-28 14:38:41+00:00,291.76034783880857,2019-04-28T14:38:41_cand002,313.14606995757686,cluster0000,,
121.0,240762091,OCEAN CARRIER K60,9237880,Container Ship,2.0825328546260248e-13,2.0825328546260248e-13,,,,0.9577464788732395,0.04225352112676056,1.0,0.0,0.0,0.0,0.0,1.0,1647,73,1.0,0,2019-04-28 13:38:41+00:00,292.00021337457076,2019-04-28T13:38:41_cand002,314.37384642931335,cluster0000,,
122.0,205789784,HELLAS PIONEER E96,9764302,Product Tanker,1.7825135127372528e-13,1.782513512737253e-13,,,,0.014084507042253502,0.9859154929577465,1.0,0.0,0.0,0.0,0.0,0.5972222222222222,1526,43,1.0,0,2019-04-25 15:38:41+00:00,293.5558175486675,2019-04-25T15:38:41_cand056,2.9757372452894955,cluster0000,,
123.0,370715247,SEASPAN NAVIGATOR O42,9179710,LNG Carrier,6.815778184915111e-14,6.815778184915111e-14,,,,1.0,0.0,1.0,0.0,0.0,0.0,0.0,0.2222222222222222,47,17,1.0,0,2019-04-28 14:38:41+00:00,303.1695105621214,2019-04-28T14:38:41_cand002,313.14606995757686,cluster0000,,
124.0,240934958,MSC PIONEER J87,9994580,Product Tanker,6.228662872129917e-14,6.228662872129917e-14,,,,1.0,0.0,1.0,0.0,0.0,0.0,0.0,0.2638888888888889,57,20,1.0,0,2019-04-28 14:38:41+00:00,304.0702961941947,2019-04-28T14:38:41_cand002,313.14606995757686,cluster0000,,
125.0,370796897,MV CARRIER K63,9785316,LNG Carrier,5.292824276698369e-14,5.292824276698369e-14,,,,0.07042253521126762,0.9295774647887324,1.0,0.0,0.0,0.0,0.0,0.7083333333333334,1512,51,1.0,0,2019-04-26 13:38:41+00:00,305.6983930877981,2019-04-26T13:38:41_cand024,2.938747505388151,cluster0000,,
126.0,352136042,CMA CGM GLORY Z85,9902885,General Cargo,3.677303983071452e-14,3.677303983071452e-14,,,,0.9859154929577465,0.014084507042253521,1.0,0.0,0.0,0.0,0.0,1.0,1647,73,1.0,0,2019-04-28 13:38:41+00:00,309.3401143152386,2019-04-28T13:38:41_cand002,314.37384642931335,cluster0000,,
127.0,205107861,CMA CGM OASIS G75,9767199,Bulk Carrier,3.358424631865408e-14,3.358424631865408e-14,,,,0.04225352112676062,0.9577464788732394,1.0,0.0,0.0,0.0,0.0,0.3194444444444444,1202,23,1.0,0,2019-04-25 15:38:41+00:00,310.2471929745441,2019-04-25T15:38:41_cand056,2.9757372452894955,cluster0000,,
128.0,352239151,MV GLORY W98,9452824,Chemical Tanker,1.1354809294354851e-15,1.1354809294354851e-15,,,,0.0,1.0,1.0,0.0,0.0,0.0,0.0,0.2916666666666667,1141,21,1.0,0,2019-04-25 15:38:41+00:00,344.1172010734911,2019-04-25T15:38:41_cand027,11.150775177059993,cluster0000,,
129.0,370515288,MINERVA JEWEL X23,9222164,Product Tanker,8.891091593974358e-16,8.891091593974358e-16,,,,0.0,1.0,1.0,0.0,0.0,0.0,0.0,0.3194444444444444,1202,23,1.0,0,2019-04-25 15:38:41+00:00,346.5631165694337,2019-04-25T15:38:41_cand027,11.150775177059993,cluster0000,,
130.0,235248290,HELLAS GLORY W69,9449807,General Cargo,5.659484509143266e-16,5.659484509143266e-16,,,,0.05633802816901412,0.9436619718309859,1.0,0.0,0.0,0.0,0.0,0.3472222222222222,1251,25,1.0,0,2019-04-25 15:38:41+00:00,351.0802867596042,2019-04-25T15:38:41_cand056,2.9757372452894955,cluster0000,,
131.0,538915562,STENA EAGLE N36,9321008,General Cargo,3.11215667897002e-16,3.11215667897002e-16,,,,0.4084507042253521,0.5915492957746479,1.0,0.0,0.0,0.0,0.0,0.5555555555555556,1111,40,1.0,0,2019-04-27 05:38:41+00:00,357.0604553614321,2019-04-27T05:38:41_cand006,44.46330116273668,cluster0000,,
132.0,311308600,EVER GLORY K85,9143984,Container Ship,1.161130781972196e-16,1.161130781972196e-16,,,,0.3661971830985915,0.6338028169014085,1.0,0.0,0.0,0.0,0.0,0.3194444444444444,76,24,1.0,0,2019-04-28 05:38:41+00:00,366.9196714556217,2019-04-28T05:38:41_cand002,239.68486592658672,cluster0000,,
133.0,205534639,EVER JEWEL K36,9407762,Bulk Carrier,9.385881413936105e-17,9.385881413936105e-17,,,,0.18309859154929575,0.8169014084507042,1.0,0.0,0.0,0.0,0.0,0.19444444444444445,42,15,1.0,0,2019-04-28 01:38:41+00:00,369.047399979622,2019-04-28T01:38:41_cand001,188.07566763549323,cluster0000,,
134.0,352639285,MT EAGLE T26,9354673,Crude Oil Tanker,4.4187544386344776e-17,4.418754438634478e-17,,,,0.0,1.0,1.0,0.0,0.0,0.0,0.0,0.1527777777777778,666,11,1.0,0,2019-04-25 15:38:41+00:00,376.58088725736513,2019-04-25T15:38:41_cand027,11.150775177059993,cluster0000,,
135.0,235229479,MAERSK HORIZON I23,9396938,Product Tanker,1.8941475358556278e-17,1.8941475358556278e-17,,,,0.028169014084507005,0.971830985915493,1.0,0.0,0.0,0.0,0.0,0.5555555555555556,1500,40,1.0,0,2019-04-25 15:38:41+00:00,385.05177692729575,2019-04-25T15:38:41_cand056,2.9757372452894955,cluster0000,,
136.0,240475565,PACIFIC HORIZON O58,9976597,Crude Oil Tanker,1.249914412162134e-17,1.2499144121621339e-17,,,,0.5070422535211268,0.49295774647887325,1.0,0.0,0.0,0.0,0.0,0.5833333333333334,288,42,1.0,0,2019-04-28 04:38:41+00:00,389.20871502199054,2019-04-28T04:38:41_cand002,216.98650379336397,cluster0000,,
137.0,235492381,MINERVA HORIZON Z98,9550040,Container Ship,1.1781169488667691e-17,1.1781169488667691e-17,,,,0.9436619718309859,0.056338028169014086,1.0,0.0,0.0,0.0,0.0,0.5972222222222222,307,44,1.0,0,2019-04-28 14:38:41+00:00,389.8002922312103,2019-04-28T14:38:41_cand002,313.14606995757686,cluster0000,,
138.0,538405306,EVER PIONEER T38,9547150,Product Tanker,2.495384407511458e-18,2.4953844075114577e-18,,,,0.04225352112676062,0.9577464788732394,1.0,0.0,0.0,0.0,0.0,0.09722222222222222,445,7,1.0,0,2019-04-25 15:38:41+00:00,405.320888854102,2019-04-25T15:38:41_cand056,2.9757372452894955,cluster0000,,
139.0,235788991,STENA SPIRIT I55,9991297,Product Tanker,2.283769019726684e-18,2.283769019726684e-18,,,,0.5211267605633803,0.4788732394366197,1.0,0.0,0.0,0.0,0.0,0.3472222222222222,1251,25,1.0,0,2019-04-26 14:38:41+00:00,406.2070451692988,2019-04-26T14:38:41_cand018,2.9552510307747486,cluster0000,,
140.0,636295634,OCEAN NAVIGATOR K31,9625181,Fishing,2.186187962834541e-18,2.186187962834541e-18,,,,0.8873239436619719,0.11267605633802817,1.0,0.0,0.0,0.0,0.0,0.041666666666666664,9,4,1.0,0,2019-04-28 14:38:41+00:00,406.6437230300672,2019-04-28T14:38:41_cand002,313.14606995757686,cluster0000,,
141.0,240903630,HELLAS SPIRIT R32,9966128,Product Tanker,1.3279919978847396e-18,1.3279919978847398e-18,,,,1.0,0.0,1.0,0.0,0.0,0.0,0.0,0.027777777777777776,6,3,1.0,0,2019-04-28 14:38:41+00:00,411.62863648545937,2019-04-28T14:38:41_cand002,313.14606995757686,cluster0000,,
142.0,256749022,OCEAN STAR Z19,9847296,Bulk Carrier,8.296053971934169e-19,8.296053971934169e-19,,,,0.3661971830985915,0.6338028169014085,1.0,0.0,0.0,0.0,0.0,0.2777777777777778,1106,20,1.0,0,2019-04-26 04:38:41+00:00,416.33336790202816,2019-04-26T04:38:41_cand028,9.00918645104608,cluster0000,,
143.0,256113788,MT FALCON N35,9278044,Fishing,5.990334742554856e-19,5.990334742554856e-19,,,,0.028169014084507005,0.971830985915493,1.0,0.0,0.0,0.0,0.0,0.05555555555555555,272,4,1.0,0,2019-04-25 18:38:41+00:00,419.58969472755854,2019-04-25T18:38:41_cand025,8.97329985709501,cluster0000,,
144.0,538173520,MAERSK HORIZON J19,9918207,Chemical Tanker,2.0994266830672213e-19,2.0994266830672213e-19,,,,0.5633802816901409,0.43661971830985913,1.0,0.0,0.0,0.0,0.0,0.16666666666666666,36,13,1.0,0,2019-04-28 14:38:41+00:00,430.07452467494204,2019-04-28T14:38:41_cand002,313.14606995757686,cluster0000,,
145.0,205145427,GLOBAL LEADER H92,9163607,Product Tanker,5.795825178837765e-20,5.795825178837765e-20,,,,0.028169014084507005,0.971830985915493,1.0,0.0,0.0,0.0,0.0,0.375,1297,27,1.0,0,2019-04-26 16:38:41+00:00,442.94563998258707,2019-04-26T16:38:41_cand019,2.9008398336931522,cluster0000,,
146.0,205351948,HELLAS SPIRIT A91,9762934,Chemical Tanker,4.664928090912523e-20,4.664928090912522e-20,,,,0.8028169014084507,0.19718309859154928,1.0,0.0,0.0,0.0,0.0,0.05555555555555555,12,5,1.0,0,2019-04-28 13:38:41+00:00,445.116294402958,2019-04-28T13:38:41_cand002,314.37384642931335,cluster0000,,
147.0,352321594,SEASPAN SPIRIT I76,9529146,Chemical Tanker,3.4436916207979286e-20,3.4436916207979286e-20,,,,0.07042253521126762,0.9295774647887324,1.0,0.0,0.0,0.0,0.0,0.16666666666666666,720,12,1.0,0,2019-04-26 01:38:41+00:00,448.15157818323905,2019-04-26T01:38:41_cand030,6.139199583030455,cluster0000,,
148.0,205731574,SEASPAN HORIZON R32,9103557,Bulk Carrier,2.591665827987321e-20,2.5916658279873213e-20,,,,0.971830985915493,0.028169014084507043,1.0,0.0,0.0,0.0,0.0,0.18055555555555555,39,14,1.0,0,2019-04-28 14:38:41+00:00,450.99401014089955,2019-04-28T14:38:41_cand002,313.14606995757686,cluster0000,,
149.0,256837640,NORDIC PIONEER E75,9690009,Bulk Carrier,1.532587815477556e-20,1.532587815477556e-20,,,,1.0,0.0,1.0,0.0,0.0,0.0,0.0,0.4583333333333333,157,34,1.0,0,2019-04-28 14:38:41+00:00,456.24744170588315,2019-04-28T14:38:41_cand002,313.14606995757686,cluster0000,,
150.0,211651938,MSC JEWEL X18,9118575,Chemical Tanker,1.095016715579454e-20,1.095016715579454e-20,,,,0.0,1.0,1.0,0.0,0.0,0.0,0.0,1.0,1647,73,1.0,0,2019-04-25 17:38:41+00:00,459.609322313596,2019-04-25T17:38:41_cand027,8.926640477803419,cluster0000,,
151.0,211236531,MINERVA EAGLE Z19,9833799,Bulk Carrier,1.0907022078958103e-20,1.0907022078958103e-20,,,,0.323943661971831,0.676056338028169,1.0,0.0,0.0,0.0,0.0,0.041666666666666664,9,4,1.0,0,2019-04-28 14:38:41+00:00,459.6488014363792,2019-04-28T14:38:41_cand002,313.14606995757686,cluster0000,,
152.0,370282255,NORDIC JEWEL G23,9989828,Product Tanker,9.518148400317855e-21,9.518148400317855e-21,,,,1.0,0.0,1.0,0.0,0.0,0.0,0.0,0.3055555555555556,69,23,1.0,0,2019-04-28 14:38:41+00:00,461.0108661875337,2019-04-28T14:38:41_cand002,313.14606995757686,cluster0000,,
153.0,205704611,MSC CARRIER O49,9735522,General Cargo,4.045243151688589e-21,4.045243151688589e-21,,,,,,1.0,0.0,0.0,0.0,0.0,0.013888888888888888,73,1,,0,2019-04-25 15:38:41+00:00,469.5674529250523,2019-04-25T15:38:41_cand056,2.9757372452894955,cluster0000,,
154.0,211605941,GLOBAL EAGLE U71,9545643,Chemical Tanker,3.911795261819173e-21,3.911795261819173e-21,,,,0.05633802816901412,0.9436619718309859,1.0,0.0,0.0,0.0,0.0,0.05555555555555555,272,4,1.0,0,2019-04-25 15:38:41+00:00,469.9029053800776,2019-04-25T15:38:41_cand056,2.9757372452894955,cluster0000,,
155.0,256755803,MT SPIRIT B49,9889987,LNG Carrier,3.636079796301783e-21,3.636079796301783e-21,,,,0.46478873239436624,0.5352112676056338,1.0,0.0,0.0,0.0,0.0,0.5,462,36,1.0,0,2019-04-27 05:38:41+00:00,470.63380830622935,2019-04-27T05:38:41_cand006,44.46330116273668,cluster0000,,
156.0,256808837,MT LEADER M87,9154108,LNG Carrier,2.7879252651128102e-21,2.7879252651128102e-21,,,,0.04225352112676062,0.9577464788732394,1.0,0.0,0.0,0.0,0.0,0.2361111111111111,981,17,1.0,0,2019-04-25 15:38:41+00:00,473.28989266249596,2019-04-25T15:38:41_cand056,2.9757372452894955,cluster0000,,
157.0,211721563,MV SPIRIT U93,9130236,Bulk Carrier,1.4157962427925475e-21,1.4157962427925473e-21,,,,0.4225352112676056,0.5774647887323944,1.0,0.0,0.0,0.0,0.0,0.5138888888888888,1466,37,1.0,0,2019-04-27 03:38:41+00:00,480.0659486429045,2019-04-27T03:38:41_cand006,39.67167415071339,cluster0000,,
158.0,636534058,MV LEADER S77,9537441,Bulk Carrier,1.2683337536627433e-21,1.2683337536627433e-21,,,,0.0,1.0,1.0,0.0,0.0,0.0,0.0,1.0,1647,73,1.0,0,2019-04-25 15:38:41+00:00,481.16582918826526,2019-04-25T15:38:41_cand071,2.7367207328685255,cluster0000,,
159.0,240860545,STENA JEWEL Q65,9283740,Container Ship,9.557010205184287e-22,9.557010205184287e-22,,,,1.0,0.0,1.0,0.0,0.0,0.0,0.0,0.5277777777777778,223,39,1.0,0,2019-04-28 14:38:41+00:00,483.9959710776254,2019-04-28T14:38:41_cand002,313.14606995757686,cluster0000,,
160.0,205766660,CMA CGM GLORY L33,9303339,Container Ship,8.76091966113853e-22,8.76091966113853e-22,,,,0.971830985915493,0.028169014084507043,1.0,0.0,0.0,0.0,0.0,0.8888888888888888,1145,65,1.0,0,2019-04-28 14:38:41+00:00,484.8657116228292,2019-04-28T14:38:41_cand002,313.14606995757686,cluster0000,,
161.0,370600631,EVER SPIRIT U86,9330298,Crude Oil Tanker,8.111832066157552e-22,8.111832066157553e-22,,,,0.3098591549295775,0.6901408450704225,1.0,0.0,0.0,0.0,0.0,0.7222222222222222,541,53,1.0,0,2019-04-27 15:38:41+00:00,485.6354830113812,2019-04-27T15:38:41_cand005,3.0730228994382855,cluster0002,,
162.0,311815529,MV SPIRIT V71,9794171,LNG Carrier,6.859332137739859e-22,6.859332137739859e-22,,,,0.0,1.0,1.0,0.0,0.0,0.0,0.0,0.041666666666666664,211,3,1.0,0,2019-04-25 15:38:41+00:00,487.31261964885215,2019-04-25T15:38:41_cand027,11.150775177059993,cluster0000,,
163.0,311646085,MV TRADER S71,9883612,Container Ship,6.156311822715387e-22,6.156311822715387e-22,,,,0.2676056338028169,0.7323943661971831,1.0,0.0,0.0,0.0,0.0,0.6111111111111112,723,44,1.0,0,2019-04-26 08:38:41+00:00,488.39394177712677,2019-04-26T08:38:41_cand023,5.852688070250187,cluster0000,,
164.0,205936685,MINERVA OASIS V65,9442442,Product Tanker,3.7665346106218724e-22,3.7665346106218724e-22,,,,0.04225352112676062,0.9577464788732394,1.0,0.0,0.0,0.0,0.0,0.25,1026,18,1.0,0,2019-04-25 15:38:41+00:00,493.3071666856034,2019-04-25T15:38:41_cand056,2.9757372452894955,cluster0000,,
165.0,636803488,PACIFIC FALCON G32,9345864,Fishing,2.8967799502896295e-22,2.8967799502896295e-22,,,,1.0,0.0,1.0,0.0,0.0,0.0,0.0,0.7222222222222222,1585,52,1.0,0,2019-04-27 14:38:41+00:00,495.93272287754223,2019-04-27T14:38:41_cand004,3.0777472803032286,cluster0002,,
166.0,370863721,GLOBAL HORIZON W14,9950065,Crude Oil Tanker,2.6989899221811553e-22,2.6989899221811553e-22,,,,0.07042253521126762,0.9295774647887324,1.0,0.0,0.0,0.0,0.0,0.5833333333333334,977,42,1.0,0,2019-04-26 03:38:41+00:00,496.63994445748534,2019-04-26T03:38:41_cand049,2.999429978440619,cluster0000,,
167.0,636466356,HELLAS GLORY F88,9767768,Product Tanker,2.33258331194641e-22,2.33258331194641e-22,,,,0.3802816901408451,0.6197183098591549,1.0,0.0,0.0,0.0,0.0,0.5972222222222222,307,44,1.0,0,2019-04-28 14:38:41+00:00,498.09895674891237,2019-04-28T14:38:41_cand002,313.14606995757686,cluster0000,,
168.0,240275828,NORDIC LEADER F44,9984042,Crude Oil Tanker,2.2050185814719955e-22,2.2050185814719955e-22,,,,0.7746478873239436,0.22535211267605634,1.0,0.0,0.0,0.0,0.0,0.3055555555555556,69,23,1.0,0,2019-04-27 18:38:41+00:00,498.66136110034273,2019-04-27T18:38:41_cand003,2.9307778799776267,cluster0000,,
169.0,352285679,CMA CGM STAR V29,9301560,Crude Oil Tanker,2.141357401866203e-22,2.141357401866203e-22,,,,0.04225352112676062,0.9577464788732394,1.0,0.0,0.0,0.0,0.0,0.1111111111111111,502,8,1.0,0,2019-04-25 15:38:41+00:00,498.9543211798095,2019-04-25T15:38:41_cand056,2.9757372452894955,cluster0000,,
170.0,240126112,HELLAS PIONEER S37,9554001,Fishing,1.8061473101001529e-22,1.8061473101001529e-22,,,,0.3802816901408451,0.6197183098591549,1.0,0.0,0.0,0.0,0.0,0.7916666666666666,1068,57,1.0,0,2019-04-26 00:38:41+00:00,500.65676027146276,2019-04-26T00:38:41_cand026,6.158949376290874,cluster0000,,
171.0,352444375,MV CARRIER T69,9362984,Container Ship,1.321327083814829e-22,1.321327083814829e-22,,,,0.0,1.0,1.0,0.0,0.0,0.0,0.0,0.7916666666666666,1603,57,1.0,0,2019-04-25 16:38:41+00:00,503.78235447786795,2019-04-25T16:38:41_cand054,2.924665863080858,cluster0000,,
172.0,240965162,MSC HORIZON R99,9837115,Product Tanker,7.259763806061091e-23,7.259763806061091e-23,,,,0.23943661971830987,0.7605633802816901,1.0,0.0,0.0,0.0,0.0,0.8472222222222222,1543,61,1.0,0,2019-04-25 23:38:41+00:00,509.77109844155973,2019-04-25T23:38:41_cand028,9.218062516681155,cluster0000,,
173.0,311547770,MINERVA OASIS F52,9272969,Container Ship,5.986430255289276e-23,5.986430255289276e-23,,,,1.0,0.0,1.0,0.0,0.0,0.0,0.0,1.0,1647,73,1.0,0,2019-04-28 13:38:41+00:00,511.69961855087854,2019-04-28T13:38:41_cand002,314.37384642931335,cluster0000,,
174.0,240121520,OCEAN TRADER G18,9736664,Chemical Tanker,5.366842613383594e-23,5.366842613383594e-23,,,,0.0,1.0,1.0,0.0,0.0,0.0,0.0,0.3055555555555556,1173,22,1.0,0,2019-04-25 15:38:41+00:00,512.7921737097563,2019-04-25T15:38:41_cand027,11.150775177059993,cluster0000,,
175.0,256296094,GLOBAL PIONEER S75,9442722,Product Tanker,4.8802301483547724e-23,4.880230148354773e-23,,,,,,1.0,0.0,0.0,0.0,0.0,0.013888888888888888,73,1,,0,2019-04-25 15:38:41+00:00,513.7426475856196,2019-04-25T15:38:41_cand056,2.9757372452894955,cluster0000,,
176.0,370643577,MT JEWEL P50,9669960,General Cargo,3.529143454398614e-23,3.529143454398614e-23,,,,1.0,0.0,1.0,0.0,0.0,0.0,0.0,0.18055555555555555,39,14,1.0,0,2019-04-28 14:38:41+00:00,516.9840194484066,2019-04-28T14:38:41_cand002,313.14606995757686,cluster0000,,
177.0,636933585,SEASPAN EAGLE P43,9263801,LNG Carrier,3.0825541580316046e-23,3.0825541580316046e-23,,,,0.04225352112676062,0.9577464788732394,1.0,0.0,0.0,0.0,0.0,0.8472222222222222,1613,61,1.0,0,2019-04-25 15:38:41+00:00,518.3369861344551,2019-04-25T15:38:41_cand056,2.9757372452894955,cluster0000,,
178.0,352780827,EVER NAVIGATOR C99,9320628,Chemical Tanker,2.8274448747612754e-23,2.8274448747612754e-23,,,,0.0,1.0,1.0,0.0,0.0,0.0,0.0,0.19444444444444445,831,14,1.0,0,2019-04-25 15:38:41+00:00,519.2008370615061,2019-04-25T15:38:41_cand056,2.9757372452894955,cluster0000,,
179.0,352896772,GLOBAL TRADER N48,9384152,Bulk Carrier,2.031848601776672e-23,2.031848601776672e-23,,,,0.9436619718309859,0.056338028169014086,1.0,0.0,0.0,0.0,0.0,0.041666666666666664,9,4,1.0,0,2019-04-28 14:38:41+00:00,522.5051111892227,2019-04-28T14:38:41_cand002,313.14606995757686,cluster0000,,
180.0,256403556,HELLAS SPIRIT D60,9606051,Product Tanker,1.1186086396845844e-23,1.1186086396845844e-23,,,,0.04225352112676062,0.9577464788732394,1.0,0.0,0.0,0.0,0.0,0.2916666666666667,1141,21,1.0,0,2019-04-25 15:38:41+00:00,528.4737151182886,2019-04-25T15:38:41_cand056,2.9757372452894955,cluster0000,,
181.0,636363109,MV OASIS X12,9452062,LNG Carrier,6.1454290797170106e-24,6.1454290797170106e-24,,,,0.5633802816901409,0.43661971830985913,1.0,0.0,0.0,0.0,0.0,0.4305555555555556,186,31,5.0,0,2019-04-26 22:38:41+00:00,534.4633366544816,2019-04-26T22:38:41_cand015,3.0042415602575137,cluster0000,,
182.0,256806168,OCEAN NAVIGATOR M21,9208215,General Cargo,3.5800463246413506e-24,3.5800463246413506e-24,,,,0.09859154929577463,0.9014084507042254,1.0,0.0,0.0,0.0,0.0,0.7361111111111112,1166,53,1.0,0,2019-04-25 22:38:41+00:00,539.8666649168425,2019-04-25T22:38:41_cand047,2.9269015075963933,cluster0000,,
183.0,370745259,OCEAN LEADER K74,9835772,Container Ship,3.232809202020951e-24,3.232809202020951e-24,,,,0.18309859154929575,0.8169014084507042,1.0,0.0,0.0,0.0,0.0,0.6111111111111112,826,44,1.0,0,2019-04-26 05:38:41+00:00,540.8869075062364,2019-04-26T05:38:41_cand048,2.9748528462884964,cluster0000,,
184.0,211658173,OCEAN FALCON C58,9469151,Product Tanker,2.554847510167968e-24,2.5548475101679682e-24,,,,0.0,1.0,1.0,0.0,0.0,0.0,0.0,0.16666666666666666,720,12,1.0,0,2019-04-25 16:38:41+00:00,543.2404969289134,2019-04-25T16:38:41_cand028,8.896105079406276,cluster0000,,
185.0,240661324,EVER TRADER O78,9591690,General Cargo,8.792459714524832e-25,8.792459714524832e-25,,,,1.0,0.0,1.0,0.0,0.0,0.0,0.0,0.1527777777777778,34,12,1.0,0,2019-04-28 14:38:41+00:00,553.9073282129549,2019-04-28T14:38:41_cand002,313.14606995757686,cluster0000,,
186.0,352203205,GLOBAL SPIRIT U45,9915465,Chemical Tanker,6.122714824617783e-25,6.122714824617783e-25,,,,0.619718309859155,0.38028169014084506,1.0,0.0,0.0,0.0,0.0,0.4166666666666667,129,31,1.0,0,2019-04-27 12:38:41+00:00,557.5262172789401,2019-04-27T12:38:41_cand004,71.35946246793824,cluster0000,,
187.0,352743874,EVER OASIS O21,9932742,Chemical Tanker,5.660149915028781e-25,5.660149915028781e-25,,,,0.05633802816901412,0.9436619718309859,1.0,0.0,0.0,0.0,0.0,0.3055555555555556,1173,22,1.0,0,2019-04-25 15:38:41+00:00,558.3117694623262,2019-04-25T15:38:41_cand056,2.9757372452894955,cluster0000,,
188.0,370220124,PACIFIC OASIS B98,9656616,Chemical Tanker,4.93042468257508e-25,4.93042468257508e-25,,,,0.0,1.0,1.0,0.0,0.0,0.0,0.0,0.9861111111111112,1574,72,1.0,0,2019-04-25 17:38:41+00:00,559.6920219799644,2019-04-25T17:38:41_cand027,8.926640477803419,cluster0000,,
189.0,211144804,MSC JEWEL M96,9592693,Bulk Carrier,3.192032815518886e-25,3.192032815518886e-25,,,,0.0,1.0,1.0,0.0,0.0,0.0,0.0,0.1111111111111111,502,8,1.0,0,2019-04-25 15:38:41+00:00,564.039693647654,2019-04-25T15:38:41_cand027,11.150775177059993,cluster0000,,
190.0,538210819,GLOBAL OASIS N52,9952779,Crude Oil Tanker,2.39599393864362e-25,2.39599393864362e-25,,,,0.0,1.0,1.0,0.0,0.0,0.0,0.0,0.4305555555555556,1376,31,1.0,0,2019-04-25 15:38:41+00:00,566.908291743826,2019-04-25T15:38:41_cand056,2.9757372452894955,cluster0000,,
191.0,205523381,CMA CGM OASIS T85,9757117,Container Ship,1.9186521279619923e-25,1.9186521279619923e-25,,,,0.0,1.0,1.0,0.0,0.0,0.0,0.0,0.20833333333333334,885,15,1.0,0,2019-04-25 15:38:41+00:00,569.1300440202701,2019-04-25T15:38:41_cand027,11.150775177059993,cluster0000,,
192.0,370114700,SEASPAN FALCON Y98,9439370,Product Tanker,1.8880774398167776e-25,1.8880774398167776e-25,,,,1.0,0.0,1.0,0.0,0.0,0.0,0.0,0.375,105,28,1.0,0,2019-04-28 14:38:41+00:00,569.290682411169,2019-04-28T14:38:41_cand002,313.14606995757686,cluster0000,,
193.0,352269366,PACIFIC JEWEL U19,9739047,Chemical Tanker,9.972731216682329e-26,9.972731216682329e-26,,,,0.47887323943661975,0.5211267605633803,1.0,0.0,0.0,0.0,0.0,0.6111111111111112,329,45,1.0,0,2019-04-26 23:38:41+00:00,575.6735792788838,2019-04-26T23:38:41_cand007,19.706903674123343,cluster0000,,
194.0,311353194,EVER STAR S92,9565683,Bulk Carrier,7.784202957876218e-26,7.784202957876218e-26,,,,0.9859154929577465,0.014084507042253521,1.0,0.0,0.0,0.0,0.0,0.5138888888888888,208,38,1.0,0,2019-04-28 13:38:41+00:00,578.1511599957629,2019-04-28T13:38:41_cand002,314.37384642931335,cluster0000,,
195.0,370335723,SEASPAN PIONEER X44,9110512,Fishing,5.1010072233371987e-26,5.1010072233371987e-26,,,,0.46478873239436624,0.5352112676056338,1.0,0.0,0.0,0.0,0.0,0.7361111111111112,1590,53,1.0,0,2019-04-26 22:38:41+00:00,582.3777440284243,2019-04-26T22:38:41_cand009,5.934006339673639,cluster0000,,
196.0,235982697,MV SPIRIT S51,9410188,Chemical Tanker,4.641073452016319e-26,4.641073452016319e-26,,,,0.9295774647887324,0.07042253521126761,1.0,0.0,0.0,0.0,0.0,0.041666666666666664,9,4,1.0,0,2019-04-28 14:38:41+00:00,583.322667309464,2019-04-28T14:38:41_cand002,313.14606995757686,cluster0000,,
197.0,211465122,MAERSK TRADER W45,9708706,Chemical Tanker,3.0917646341565833e-26,3.0917646341565833e-26,,,,0.8450704225352113,0.15492957746478872,1.0,0.0,0.0,0.0,0.0,0.9583333333333334,1436,70,1.0,0,2019-04-28 14:38:41+00:00,587.3847041092403,2019-04-28T14:38:41_cand002,313.14606995757686,cluster0000,,
198.0,352240524,PACIFIC NAVIGATOR X64,9551866,LNG Carrier,1.4381011457159908e-26,1.4381011457159908e-26,,,,0.15492957746478875,0.8450704225352113,1.0,0.0,0.0,0.0,0.0,0.5694444444444444,817,41,1.0,0,2019-04-26 04:38:41+00:00,595.0388882324802,2019-04-26T04:38:41_cand028,9.00918645104608,cluster0000,,
199.0,211184207,PACIFIC SPIRIT E77,9995483,Fishing,1.4253709994749477e-26,1.4253709994749477e-26,,,,0.16901408450704225,0.8309859154929577,1.0,0.0,0.0,0.0,0.0,0.375,812,27,1.0,0,2019-04-26 02:38:41+00:00,595.1278028750115,2019-04-26T02:38:41_cand047,3.0033380527138025,cluster0000,,
200.0,352120742,CMA CGM SPIRIT U42,9635817,Fishing,8.150789181158031e-27,8.150789181158031e-27,,,,0.0,1.0,1.0,0.0,0.0,0.0,0.0,0.375,1297,27,1.0,0,2019-04-25 16:38:41+00:00,600.7168275623045,2019-04-25T16:38:41_cand031,8.359841134607665,cluster0000,,
201.0,256506612,MT TRADER I18,9617577,Fishing,6.939289241505862e-27,6.939289241505862e-27,,,,0.21126760563380287,0.7887323943661971,1.0,0.0,0.0,0.0,0.0,0.8194444444444444,870,60,1.0,0,2019-04-26 07:38:41+00:00,602.3259815633388,2019-04-26T07:38:41_cand028,5.8785120251893765,cluster0000,,
202.0,636288236,SEASPAN STAR L91,9320692,Chemical Tanker,6.578684952113307e-27,6.578684952113307e-27,,,,1.0,0.0,1.0,0.0,0.0,0.0,0.0,0.1527777777777778,33,12,2.0,0,2019-04-28 14:38:41+00:00,602.8596264077767,2019-04-28T14:38:41_cand002,313.14606995757686,cluster0000,,
203.0,538956507,EVER LEADER Z25,9680627,Chemical Tanker,4.881121354553047e-27,4.881121354553047e-27,,,,0.9577464788732395,0.04225352112676056,1.0,0.0,0.0,0.0,0.0,0.05555555555555555,12,5,1.0,0,2019-04-28 11:38:41+00:00,605.8442253160182,2019-04-28T11:38:41_cand002,312.56678893921855,cluster0000,,
204.0,370675640,HELLAS TRADER T96,9704074,General Cargo,6.06242004571353e-28,6.062420045713531e-28,,,,0.9859154929577465,0.014084507042253521,1.0,0.0,0.0,0.0,0.0,0.2777777777777778,62,21,1.0,0,2019-04-28 13:38:41+00:00,626.7027353599256,2019-04-28T13:38:41_cand002,314.37384642931335,cluster0000,,
205.0,636571039,NORDIC PIONEER Y60,9431992,LNG Carrier,2.653003100989565e-29,2.653003100989565e-29,,,,0.0,1.0,1.0,0.0,0.0,0.0,0.0,0.3333333333333333,1228,24,1.0,0,2019-04-25 15:38:41+00:00,657.992754528109,2019-04-25T15:38:41_cand056,2.9757372452894955,cluster0000,,
206.0,211771810,MINERVA PIONEER E21,9182203,Container Ship,2.631772427022915e-29,2.631772427022915e-29,,,,0.0,1.0,1.0,0.0,0.0,0.0,0.0,0.2361111111111111,981,17,1.0,0,2019-04-25 15:38:41+00:00,658.0731015099954,2019-04-25T15:38:41_cand056,2.9757372452894955,cluster0000,,
207.0,538787799,EVER EAGLE P68,9640165,LNG Carrier,1.7064814976791222e-29,1.7064814976791222e-29,,,,,,1.0,0.0,0.0,0.0,0.0,0.013888888888888888,3,2,1.0,0,2019-04-28 14:38:41+00:00,662.4053404978393,2019-04-28T14:38:41_cand002,313.14606995757686,cluster0000,,
208.0,636613114,SEASPAN HORIZON E21,9334556,Product Tanker,8.906594618456425e-30,8.906594618456425e-30,,,,0.5774647887323944,0.4225352112676056,1.0,0.0,0.0,0.0,0.0,0.4305555555555556,138,32,1.0,0,2019-04-27 22:38:41+00:00,668.9076081909892,2019-04-27T22:38:41_cand002,2.9516599528835856,cluster0000,,
209.0,370338027,NORDIC GLORY U89,9102923,Product Tanker,6.0040727833723444e-30,6.0040727833723444e-30,,,,0.5492957746478873,0.4507042253521127,1.0,0.0,0.0,0.0,0.0,0.4444444444444444,244,32,1.0,0,2019-04-26 22:38:41+00:00,672.8511475364323,2019-04-26T22:38:41_cand017,2.9627524773566396,cluster0000,,
210.0,370958124,SEASPAN GLORY C25,9789039,Bulk Carrier,4.987065914072159e-30,4.987065914072159e-30,,,,0.15492957746478875,0.8450704225352113,1.0,0.0,0.0,0.0,0.0,0.4305555555555556,852,31,1.0,0,2019-04-26 04:38:41+00:00,674.7070504616563,2019-04-26T04:38:41_cand033,6.0179971506195304,cluster0000,,
211.0,352854722,MINERVA PIONEER Q19,9748966,Crude Oil Tanker,2.7454488415957556e-30,2.7454488415957556e-30,,,,1.0,0.0,1.0,0.0,0.0,0.0,0.0,0.041666666666666664,9,4,1.0,0,2019-04-28 14:38:41+00:00,680.6760821580554,2019-04-28T14:38:41_cand002,313.14606995757686,cluster0000,,
212.0,311977255,MAERSK GLORY M50,9295232,Fishing,7.4843170989776585e-31,7.484317098977658e-31,,,,0.0,1.0,1.0,0.0,0.0,0.0,0.0,0.041666666666666664,211,3,1.0,0,2019-04-25 15:38:41+00:00,693.673281050476,2019-04-25T15:38:41_cand056,2.9757372452894955,cluster0000,,
213.0,636936824,MINERVA FALCON W53,9729058,General Cargo,3.299468728184802e-31,3.299468728184802e-31,,,,,,1.0,0.0,0.0,0.0,0.0,0.013888888888888888,73,1,,0,2019-04-25 15:38:41+00:00,701.8637641876265,2019-04-25T15:38:41_cand056,2.9757372452894955,cluster0000,,
214.0,311286626,GLOBAL NAVIGATOR K50,9664718,Crude Oil Tanker,1.8370008787876307e-31,1.837000878787631e-31,,,,0.0,1.0,1.0,0.0,0.0,0.0,0.0,0.1111111111111111,502,8,1.0,0,2019-04-25 16:38:41+00:00,707.7200359820059,2019-04-25T16:38:41_cand054,2.924665863080858,cluster0000,,
215.0,211608869,MAERSK OASIS E88,9721677,Product Tanker,1.2796760059059092e-31,1.2796760059059092e-31,,,,0.0,1.0,1.0,0.0,0.0,0.0,0.0,0.06944444444444445,331,5,1.0,0,2019-04-25 15:38:41+00:00,711.3353095731027,2019-04-25T15:38:41_cand027,11.150775177059993,cluster0000,,
216.0,636989122,CMA CGM LEADER Q78,9237145,LNG Carrier,6.238302334733549e-32,6.238302334733549e-32,,,,0.0,1.0,1.0,0.0,0.0,0.0,0.0,0.041666666666666664,211,3,1.0,0,2019-04-25 16:38:41+00:00,718.5201489218506,2019-04-25T16:38:41_cand054,2.924665863080858,cluster0000,,
217.0,211273448,CMA CGM CARRIER G64,9143859,Product Tanker,7.566953934825471e-33,7.566953934825471e-33,,,,0.323943661971831,0.676056338028169,1.0,0.0,0.0,0.0,0.0,0.625,437,45,2.0,0,2019-04-26 20:38:41+00:00,739.6151746875,2019-04-26T20:38:41_cand010,5.9950649136725715,cluster0000,,
