rank,vessel,mmsi,imo,vessel_type,min_synchronized_distance_km,matched_candidate_lat,matched_candidate_lon,best_encounter_lat,best_encounter_lon,exact_encounter_timestamp,n_exact_encounters,longest_consecutive_encounter_checkpoints,longest_consecutive_duration_hours,matched_candidate_id,matched_candidate_support,matched_candidate_cluster_id,source_region_relationship,ais_coverage_fraction,largest_gap_hours,observations_used,circular_shift_null_p_value
1,SEASPAN CARRIER U94,211482965,9447036,Product Tanker,0.1078330609759898,34.4329553526544,35.07772299877401,34.433321,35.076634,2019-04-26 00:38:41+00:00,1259,3.0,3.0,2019-04-26T00:38:41_cand038,2.9870668315037654,cluster0000,dominant cluster,0.9166666666666666,1.0,67,0.0
2,MT SPIRIT Y80,370978298,9640149,Crude Oil Tanker,2.094723638101116,34.67595535265441,35.278722998774015,34.694204,35.28441,2019-04-25 18:38:41+00:00,1647,7.0,7.0,2019-04-25T18:38:41_cand046,2.869981869938368,cluster0000,dominant cluster,1.0,1.0,73,0.5070422535211268
3,OCEAN GLORY U47,352510260,9371055,LNG Carrier,11.75177029559235,34.68495535265441,35.23072299877401,34.584079,35.269032,2019-04-27 04:38:41+00:00,396,0.0,0.0,2019-04-27T04:38:41_cand007,6.119277712634894,cluster0000,dominant cluster,0.6527777777777778,1.0,48,0.5492957746478874
4,NORDIC SPIRIT W40,256383837,9512902,Chemical Tanker,3.425649330160164,34.762955352654416,35.33872299877402,34.754984,35.302501,2019-04-25 15:38:41+00:00,885,1.0,1.0,2019-04-25T15:38:41_cand051,3.186899378248561,cluster0000,dominant cluster,0.2083333333333333,1.0,15,0.2957746478873239
5,PACIFIC JEWEL Z77,352844541,9991838,Crude Oil Tanker,5.958571707599662,34.726955352654414,35.17972299877401,34.778245,35.160832,2019-04-26 05:38:41+00:00,1647,3.0,3.0,2019-04-26T05:38:41_cand046,3.0053158768191457,cluster0000,dominant cluster,1.0,1.0,73,0.9014084507042254
6,MV EAGLE B40,352291216,9348833,Bulk Carrier,15.111846833546045,34.747955352654415,35.38372299877402,34.840994,35.504356,2019-04-26 16:38:41+00:00,419,0.0,0.0,2019-04-26T16:38:41_cand011,5.895540450092556,cluster0000,dominant cluster,0.6666666666666666,1.0,49,0.3661971830985915
7,MINERVA NAVIGATOR J50,538570865,9763827,Product Tanker,16.0255986672515,34.67595535265441,35.10472299877401,34.708321,34.933917,2019-04-26 16:38:41+00:00,1478,0.0,0.0,2019-04-26T16:38:41_cand017,2.948914743260022,cluster0000,dominant cluster,0.5277777777777778,1.0,38,0.7323943661971831
8,PACIFIC PIONEER H50,370393403,9478355,Crude Oil Tanker,16.718844363294703,34.4299553526544,35.032722998774005,34.304068,35.132325,2019-04-26 09:38:41+00:00,1574,0.0,0.0,2019-04-26T09:38:41_cand038,2.8823063476803568,cluster0000,dominant cluster,0.9861111111111112,1.0,72,0.380281690140845
9,EVER SPIRIT Y77,352969548,9943913,Product Tanker,9.1850721437466,34.450955352654404,34.948722998774,34.374211,34.98576,2019-04-27 09:38:41+00:00,1585,1.0,1.0,2019-04-27T09:38:41_cand003,59.14994126314119,cluster0000,dominant cluster,0.7222222222222222,1.0,52,0.6197183098591549
10,PACIFIC LEADER R36,636844994,9552846,General Cargo,8.336148340872118,34.63395535265441,35.038722998774006,34.686581,34.97381,2019-04-27 05:38:41+00:00,1578,2.0,2.0,2019-04-27T05:38:41_cand007,9.017033056759963,cluster0000,dominant cluster,0.6944444444444444,1.0,50,0.7183098591549296
11,OCEAN HORIZON S52,311228164,9123232,Crude Oil Tanker,20.032677737855582,34.978955352654424,35.578722998774026,35.104377,35.736687,2019-04-25 15:38:41+00:00,1106,0.0,0.0,2019-04-25T15:38:41_cand048,3.264349973541931,cluster0000,dominant cluster,0.2777777777777778,1.0,20,0.0
12,MT GLORY R38,538688104,9653968,General Cargo,21.940261273121987,34.462955352654404,34.996722998774004,34.416966,35.229383,2019-04-27 02:38:41+00:00,1490,0.0,0.0,2019-04-27T02:38:41_cand012,3.0245875959855644,cluster0000,dominant cluster,0.5416666666666666,1.0,39,0.5352112676056338
13,MAERSK OASIS G89,352546934,9683055,Bulk Carrier,23.12481859565802,34.513955352654406,34.999722998774004,34.575072,34.758389,2019-04-26 12:38:41+00:00,1500,0.0,0.0,2019-04-26T12:38:41_cand029,2.865535949637567,cluster0000,dominant cluster,0.5555555555555556,1.0,40,0.8169014084507042
14,OCEAN TRADER A62,636279196,9817009,Container Ship,25.409363816538225,34.91595535265442,35.61772299877403,35.058122,35.836089,2019-04-25 16:38:41+00:00,211,0.0,0.0,2019-04-25T16:38:41_cand065,2.810223495241881,cluster0006,secondary cluster,0.0416666666666666,1.0,3,0.0140845070422535
15,MSC GLORY U28,235647063,9403506,Product Tanker,26.02098316205322,34.4209553526544,34.969722998774,34.228032,34.809347,2019-04-26 20:38:41+00:00,304,0.0,0.0,2019-04-26T20:38:41_cand010,5.995064913672572,cluster0000,dominant cluster,0.5833333333333334,1.0,42,0.1267605633802817
