hotspot_name,t-0,t-12,t-24,t-36,t-48,t-60,t-72
Port Said (Suez Canal),CLEAR,CLEAR,CLEAR,CLEAR,CLEAR,CLEAR,CLEAR
Alexandria Port,CLEAR,CLEAR,CLEAR,CLEAR,CLEAR,CLEAR,CLEAR
Vasiliko Oil Terminal,CLEAR,CLEAR,CLEAR,CLEAR,CLEAR,CLEAR,CLEAR
Beirut Port,WATCH,WATCH,CLEAR,CLEAR,CLEAR,CLEAR,CLEAR
Ceyhan Oil Terminal,CLEAR,CLEAR,CLEAR,CLEAR,CLEAR,CLEAR,CLEAR
Haifa Port,CLEAR,CLEAR,CLEAR,CLEAR,CLEAR,CLEAR,CLEAR
Akamas Peninsula (Turtle Nesting),CLEAR,CLEAR,CLEAR,CLEAR,CLEAR,CLEAR,CLEAR
Palm Islands Nature Reserve,WATCH,WATCH,WATCH,CLEAR,CLEAR,CLEAR,CLEAR
Rosh HaNikra Marine Reserve,CLEAR,CLEAR,CLEAR,CLEAR,CLEAR,CLEAR,CLEAR
Nile Delta Coastal Lagoons,CLEAR,CLEAR,CLEAR,CLEAR,CLEAR,CLEAR,CLEAR
Cape Greco MPA,WATCH,WATCH,WATCH,WATCH,WATCH,CRITICAL,CRITICAL
