case_id,hour,timestamp_utc,total_seeded_kg,oil_remaining_kg,oil_remaining_pct,evaporated_kg,evaporated_pct,dispersed_kg,dispersed_pct,biodegraded_kg,biodegraded_pct
ow-0009,0,2019-04-28T15:38:41Z,88715.45,88715.45,100.0,0.0,0.0,0.0,0.0,0.0,0.0
ow-0009,1,2019-04-28T16:38:41Z,88715.45,87324.92,98.433,1390.53,1.567,0.0,0.0,0.0,0.0
ow-0009,2,2019-04-28T17:38:41Z,88715.45,86781.69,97.82,1933.76,2.18,0.0,0.0,0.0,0.0
ow-0009,3,2019-04-28T18:38:41Z,88715.45,86344.69,97.328,2370.77,2.672,0.0,0.0,0.0,0.0
ow-0009,4,2019-04-28T19:38:41Z,88715.45,85964.95,96.9,2750.51,3.1,0.0,0.0,0.0,0.0
ow-0009,5,2019-04-28T20:38:41Z,88715.45,85764.59,96.674,2950.87,3.326,0.0,0.0,0.0,0.0
ow-0009,6,2019-04-28T21:38:41Z,88715.45,85660.08,96.556,3055.37,3.444,0.0,0.0,0.0,0.0
ow-0009,7,2019-04-28T22:38:41Z,88715.45,85584.09,96.47,3131.37,3.53,0.0,0.0,0.0,0.0
ow-0009,8,2019-04-28T23:38:41Z,88715.45,85506.85,96.383,3208.6,3.617,0.0,0.0,0.0,0.0
ow-0009,9,2019-04-29T00:38:41Z,88715.45,85423.85,96.29,3290.58,3.709,1.02,0.001,0.0,0.0
ow-0009,10,2019-04-29T01:38:41Z,88715.45,85345.1,96.201,3369.33,3.798,1.02,0.001,0.0,0.0
ow-0009,11,2019-04-29T02:38:41Z,88715.45,85243.09,96.086,3459.27,3.899,13.09,0.015,0.0,0.0
ow-0009,12,2019-04-29T03:38:41Z,88715.45,84957.14,95.764,3561.03,4.014,197.29,0.222,0.0,0.0
ow-0009,13,2019-04-29T04:38:41Z,88715.45,84505.96,95.255,3666.91,4.133,542.59,0.612,0.0,0.0
ow-0009,14,2019-04-29T05:38:41Z,88715.45,84082.81,94.778,3770.8,4.25,861.84,0.971,0.0,0.0
ow-0009,15,2019-04-29T06:38:41Z,88715.45,83762.97,94.418,3870.33,4.363,1082.15,1.22,0.0,0.0
ow-0009,16,2019-04-29T07:38:41Z,88715.45,83555.34,94.184,3964.7,4.469,1195.42,1.347,0.0,0.0
ow-0009,17,2019-04-29T08:38:41Z,88715.45,83419.14,94.03,4054.06,4.57,1242.25,1.4,0.0,0.0
ow-0009,18,2019-04-29T09:38:41Z,88715.45,83315.79,93.914,4139.81,4.666,1259.86,1.42,0.0,0.0
ow-0009,19,2019-04-29T10:38:41Z,88715.45,83219.62,93.805,4223.33,4.761,1272.5,1.434,0.0,0.0
ow-0009,20,2019-04-29T11:38:41Z,88715.45,83138.78,93.714,4302.12,4.849,1274.56,1.437,0.0,0.0
ow-0009,21,2019-04-29T12:38:41Z,88715.45,83068.53,93.635,4371.93,4.928,1274.99,1.437,0.0,0.0
ow-0009,22,2019-04-29T13:38:41Z,88715.45,83003.76,93.562,4436.71,5.001,1274.99,1.437,0.0,0.0
ow-0009,23,2019-04-29T14:38:41Z,88715.45,82935.71,93.485,4504.76,5.078,1274.99,1.437,0.0,0.0
ow-0009,24,2019-04-29T15:38:41Z,88715.45,82862.2,93.402,4577.49,5.16,1275.76,1.438,0.0,0.0
ow-0009,25,2019-04-29T16:38:41Z,88715.45,82858.09,93.398,4577.49,5.16,1279.87,1.443,0.0,0.0
ow-0009,26,2019-04-29T17:38:41Z,88715.45,82838.29,93.375,4577.49,5.16,1299.67,1.465,0.0,0.0
ow-0009,27,2019-04-29T18:38:41Z,88715.45,82802.27,93.335,4577.49,5.16,1335.7,1.506,0.0,0.0
ow-0009,28,2019-04-29T19:38:41Z,88715.45,82715.05,93.236,4577.49,5.16,1422.91,1.604,0.0,0.0
ow-0009,29,2019-04-29T20:38:41Z,88715.45,82602.48,93.109,4577.49,5.16,1535.48,1.731,0.0,0.0
ow-0009,30,2019-04-29T21:38:41Z,88715.45,82526.82,93.024,4577.49,5.16,1611.14,1.816,0.0,0.0
ow-0009,31,2019-04-29T22:38:41Z,88715.45,82506.41,93.001,4577.49,5.16,1631.55,1.839,0.0,0.0
ow-0009,32,2019-04-29T23:38:41Z,88715.45,82441.84,92.928,4577.49,5.16,1696.12,1.912,0.0,0.0
ow-0009,33,2019-04-30T00:38:41Z,88715.45,82103.42,92.547,4577.49,5.16,2034.54,2.293,0.0,0.0
ow-0009,34,2019-04-30T01:38:41Z,88715.45,81411.98,91.768,4577.49,5.16,2725.98,3.073,0.0,0.0
ow-0009,35,2019-04-30T02:38:41Z,88715.45,80554.07,90.8,4577.49,5.16,3583.89,4.04,0.0,0.0
ow-0009,36,2019-04-30T03:38:41Z,88715.45,79786.3,89.935,4577.49,5.16,4351.66,4.905,0.0,0.0
ow-0009,37,2019-04-30T04:38:41Z,88715.45,79405.72,89.506,4577.49,5.16,4732.24,5.334,0.0,0.0
ow-0009,38,2019-04-30T05:38:41Z,88715.45,79384.74,89.482,4577.49,5.16,4753.22,5.358,0.0,0.0
ow-0009,39,2019-04-30T06:38:41Z,88715.45,79384.35,89.482,4577.49,5.16,4753.61,5.358,0.0,0.0
ow-0009,40,2019-04-30T07:38:41Z,88715.45,79383.88,89.481,4577.49,5.16,4754.08,5.359,0.0,0.0
ow-0009,41,2019-04-30T08:38:41Z,88715.45,79382.23,89.48,4577.49,5.16,4755.73,5.361,0.0,0.0
ow-0009,42,2019-04-30T09:38:41Z,88715.45,79381.84,89.479,4577.49,5.16,4756.12,5.361,0.0,0.0
ow-0009,43,2019-04-30T10:38:41Z,88715.45,79381.84,89.479,4577.49,5.16,4756.12,5.361,0.0,0.0
ow-0009,44,2019-04-30T11:38:41Z,88715.45,79381.84,89.479,4577.49,5.16,4756.12,5.361,0.0,0.0
ow-0009,45,2019-04-30T12:38:41Z,88715.45,79381.84,89.479,4577.49,5.16,4756.12,5.361,0.0,0.0
ow-0009,46,2019-04-30T13:38:41Z,88715.45,79381.84,89.479,4577.49,5.16,4756.12,5.361,0.0,0.0
ow-0009,47,2019-04-30T14:38:41Z,88715.45,79372.42,89.469,4577.49,5.16,4765.54,5.372,0.0,0.0
ow-0009,48,2019-04-30T15:38:41Z,88715.45,79370.05,89.466,4577.49,5.16,4767.91,5.374,0.0,0.0
ow-0009,49,2019-04-30T16:38:41Z,88715.45,79369.91,89.466,4577.49,5.16,4768.06,5.375,0.0,0.0
ow-0009,50,2019-04-30T17:38:41Z,88715.45,79369.91,89.466,4577.49,5.16,4768.06,5.375,0.0,0.0
ow-0009,51,2019-04-30T18:38:41Z,88715.45,79369.91,89.466,4577.49,5.16,4768.06,5.375,0.0,0.0
ow-0009,52,2019-04-30T19:38:41Z,88715.45,79369.91,89.466,4577.49,5.16,4768.06,5.375,0.0,0.0
ow-0009,53,2019-04-30T20:38:41Z,88715.45,79369.91,89.466,4577.49,5.16,4768.06,5.375,0.0,0.0
ow-0009,54,2019-04-30T21:38:41Z,88715.45,79369.91,89.466,4577.49,5.16,4768.06,5.375,0.0,0.0
ow-0009,55,2019-04-30T22:38:41Z,88715.45,79369.91,89.466,4577.49,5.16,4768.06,5.375,0.0,0.0
ow-0009,56,2019-04-30T23:38:41Z,88715.45,79369.91,89.466,4577.49,5.16,4768.06,5.375,0.0,0.0
ow-0009,57,2019-05-01T00:38:41Z,88715.45,79369.91,89.466,4577.49,5.16,4768.06,5.375,0.0,0.0
ow-0009,58,2019-05-01T01:38:41Z,88715.45,79369.91,89.466,4577.49,5.16,4768.06,5.375,0.0,0.0
ow-0009,59,2019-05-01T02:38:41Z,88715.45,79369.91,89.466,4577.49,5.16,4768.06,5.375,0.0,0.0
ow-0009,60,2019-05-01T03:38:41Z,88715.45,79369.91,89.466,4577.49,5.16,4768.06,5.375,0.0,0.0
ow-0009,61,2019-05-01T04:38:41Z,88715.45,79369.91,89.466,4577.49,5.16,4768.06,5.375,0.0,0.0
ow-0009,62,2019-05-01T05:38:41Z,88715.45,79369.91,89.466,4577.49,5.16,4768.06,5.375,0.0,0.0
ow-0009,63,2019-05-01T06:38:41Z,88715.45,79369.91,89.466,4577.49,5.16,4768.06,5.375,0.0,0.0
ow-0009,64,2019-05-01T07:38:41Z,88715.45,79369.91,89.466,4577.49,5.16,4768.06,5.375,0.0,0.0
ow-0009,65,2019-05-01T08:38:41Z,88715.45,79369.91,89.466,4577.49,5.16,4768.06,5.375,0.0,0.0
ow-0009,66,2019-05-01T09:38:41Z,88715.45,79369.91,89.466,4577.49,5.16,4768.06,5.375,0.0,0.0
ow-0009,67,2019-05-01T10:38:41Z,88715.45,79369.91,89.466,4577.49,5.16,4768.06,5.375,0.0,0.0
ow-0009,68,2019-05-01T11:38:41Z,88715.45,79369.91,89.466,4577.49,5.16,4768.06,5.375,0.0,0.0
ow-0009,69,2019-05-01T12:38:41Z,88715.45,79369.91,89.466,4577.49,5.16,4768.06,5.375,0.0,0.0
ow-0009,70,2019-05-01T13:38:41Z,88715.45,79369.91,89.466,4577.49,5.16,4768.06,5.375,0.0,0.0
ow-0009,71,2019-05-01T14:38:41Z,88715.45,79364.8,89.46,4577.49,5.16,4773.17,5.38,0.0,0.0
ow-0009,72,2019-05-01T15:38:41Z,88715.45,79246.41,89.326,4577.49,5.16,4891.56,5.514,0.0,0.0
